X,Y,Status
0,0,0
0,1,0
0,2,0
0,3,0
0,4,0
0,5,0
0,6,0
0,7,0
0,8,0
0,9,1
0,10,1
0,11,1
0,12,1
0,13,1
0,14,1
0,15,1
0,16,1
0,17,1
0,18,1
0,19,1
0,20,1
0,21,1
0,22,1
0,23,1
0,24,1
0,25,1
0,26,1
0,27,1
0,28,1
0,29,1
0,30,1
0,31,1
0,32,1
0,33,1
0,34,1
0,35,1
0,36,1
0,37,1
0,38,1
0,39,1
0,40,1
0,41,1
0,42,1
0,43,1
0,44,1
0,45,1
0,46,1
0,47,1
0,48,1
0,49,1
0,50,1
0,51,1
0,52,1
0,53,1
0,54,1
0,55,1
0,56,1
0,57,1
0,58,1
0,59,1
0,60,1
0,61,1
0,62,1
0,63,1
0,64,1
0,65,1
0,66,1
0,67,1
0,68,1
0,69,1
0,70,1
0,71,1
0,72,1
0,73,1
0,74,1
0,75,1
0,76,1
0,77,1
0,78,1
0,79,1
0,80,1
0,81,1
0,82,1
0,83,1
0,84,1
0,85,1
0,86,1
0,87,1
0,88,1
0,89,1
0,90,1
0,91,1
0,92,1
0,93,1
0,94,1
0,95,1
0,96,0
0,97,0
0,98,0
0,99,0
1,0,0
1,1,0
1,2,0
1,3,0
1,4,0
1,5,0
1,6,0
1,7,0
1,8,1
1,9,1
1,10,1
1,11,1
1,12,1
1,13,1
1,14,1
1,15,1
1,16,1
1,17,1
1,18,1
1,19,1
1,20,1
1,21,1
1,22,1
1,23,1
1,24,1
1,25,1
1,26,1
1,27,1
1,28,1
1,29,1
1,30,1
1,31,1
1,32,1
1,33,1
1,34,1
1,35,1
1,36,1
1,37,1
1,38,1
1,39,1
1,40,1
1,41,1
1,42,1
1,43,1
1,44,1
1,45,1
1,46,1
1,47,1
1,48,1
1,49,1
1,50,1
1,51,1
1,52,1
1,53,1
1,54,1
1,55,1
1,56,1
1,57,1
1,58,1
1,59,1
1,60,1
1,61,1
1,62,1
1,63,1
1,64,1
1,65,1
1,66,1
1,67,1
1,68,1
1,69,1
1,70,1
1,71,1
1,72,1
1,73,1
1,74,1
1,75,1
1,76,1
1,77,1
1,78,1
1,79,1
1,80,1
1,81,1
1,82,1
1,83,1
1,84,1
1,85,1
1,86,1
1,87,1
1,88,1
1,89,1
1,90,1
1,91,1
1,92,1
1,93,1
1,94,1
1,95,1
1,96,1
1,97,0
1,98,0
1,99,0
2,0,0
2,1,0
2,2,0
2,3,0
2,4,0
2,5,0
2,6,0
2,7,0
2,8,1
2,9,1
2,10,1
2,11,1
2,12,1
2,13,1
2,14,1
2,15,1
2,16,1
2,17,1
2,18,1
2,19,1
2,20,1
2,21,1
2,22,1
2,23,1
2,24,1
2,25,1
2,26,1
2,27,1
2,28,1
2,29,1
2,30,1
2,31,1
2,32,1
2,33,1
2,34,1
2,35,1
2,36,1
2,37,1
2,38,1
2,39,1
2,40,1
2,41,1
2,42,1
2,43,1
2,44,1
2,45,1
2,46,1
2,47,1
2,48,1
2,49,1
2,50,1
2,51,1
2,52,1
2,53,1
2,54,1
2,55,1
2,56,1
2,57,1
2,58,1
2,59,1
2,60,1
2,61,1
2,62,1
2,63,1
2,64,1
2,65,1
2,66,1
2,67,1
2,68,1
2,69,1
2,70,1
2,71,1
2,72,1
2,73,1
2,74,1
2,75,1
2,76,1
2,77,1
2,78,1
2,79,1
2,80,1
2,81,1
2,82,1
2,83,1
2,84,1
2,85,1
2,86,1
2,87,1
2,88,1
2,89,1
2,90,1
2,91,1
2,92,1
2,93,1
2,94,1
2,95,1
2,96,1
2,97,0
2,98,0
2,99,0
3,0,0
3,1,0
3,2,0
3,3,0
3,4,0
3,5,0
3,6,0
3,7,0
3,8,1
3,9,1
3,10,1
3,11,1
3,12,1
3,13,1
3,14,1
3,15,1
3,16,1
3,17,1
3,18,1
3,19,1
3,20,1
3,21,1
3,22,1
3,23,1
3,24,1
3,25,1
3,26,1
3,27,1
3,28,1
3,29,1
3,30,1
3,31,1
3,32,1
3,33,1
3,34,1
3,35,1
3,36,1
3,37,1
3,38,1
3,39,1
3,40,1
3,41,1
3,42,1
3,43,1
3,44,1
3,45,1
3,46,1
3,47,1
3,48,1
3,49,1
3,50,1
3,51,1
3,52,1
3,53,1
3,54,1
3,55,1
3,56,1
3,57,1
3,58,1
3,59,1
3,60,1
3,61,1
3,62,1
3,63,1
3,64,1
3,65,1
3,66,1
3,67,1
3,68,1
3,69,1
3,70,1
3,71,1
3,72,1
3,73,1
3,74,1
3,75,1
3,76,1
3,77,1
3,78,1
3,79,1
3,80,1
3,81,1
3,82,1
3,83,1
3,84,1
3,85,1
3,86,1
3,87,1
3,88,1
3,89,1
3,90,1
3,91,1
3,92,1
3,93,1
3,94,1
3,95,1
3,96,1
3,97,1
3,98,0
3,99,0
4,0,0
4,1,0
4,2,0
4,3,0
4,4,0
4,5,0
4,6,0
4,7,0
4,8,1
4,9,1
4,10,1
4,11,1
4,12,1
4,13,1
4,14,1
4,15,1
4,16,1
4,17,1
4,18,1
4,19,1
4,20,1
4,21,1
4,22,1
4,23,1
4,24,1
4,25,1
4,26,1
4,27,1
4,28,1
4,29,1
4,30,1
4,31,1
4,32,1
4,33,1
4,34,1
4,35,1
4,36,1
4,37,1
4,38,1
4,39,1
4,40,1
4,41,1
4,42,1
4,43,1
4,44,1
4,45,1
4,46,1
4,47,1
4,48,1
4,49,1
4,50,1
4,51,1
4,52,1
4,53,1
4,54,1
4,55,1
4,56,1
4,57,1
4,58,1
4,59,1
4,60,1
4,61,1
4,62,1
4,63,1
4,64,1
4,65,1
4,66,1
4,67,1
4,68,1
4,69,1
4,70,1
4,71,1
4,72,1
4,73,1
4,74,1
4,75,1
4,76,1
4,77,1
4,78,1
4,79,1
4,80,1
4,81,1
4,82,1
4,83,1
4,84,1
4,85,1
4,86,1
4,87,1
4,88,1
4,89,1
4,90,1
4,91,1
4,92,1
4,93,1
4,94,1
4,95,1
4,96,1
4,97,1
4,98,0
4,99,0
5,0,0
5,1,0
5,2,0
5,3,0
5,4,0
5,5,0
5,6,0
5,7,0
5,8,0
5,9,0
5,10,0
5,11,0
5,12,0
5,13,0
5,14,1
5,15,1
5,16,2
5,17,2
5,18,1
5,19,1
5,20,1
5,21,1
5,22,1
5,23,1
5,24,1
5,25,1
5,26,1
5,27,1
5,28,1
5,29,1
5,30,1
5,31,1
5,32,1
5,33,1
5,34,1
5,35,1
5,36,1
5,37,1
5,38,1
5,39,1
5,40,1
5,41,1
5,42,1
5,43,1
5,44,1
5,45,1
5,46,1
5,47,1
5,48,1
5,49,1
5,50,1
5,51,1
5,52,1
5,53,1
5,54,1
5,55,1
5,56,1
5,57,1
5,58,1
5,59,1
5,60,1
5,61,1
5,62,1
5,63,1
5,64,1
5,65,1
5,66,1
5,67,1
5,68,1
5,69,1
5,70,1
5,71,1
5,72,1
5,73,1
5,74,1
5,75,1
5,76,1
5,77,1
5,78,1
5,79,1
5,80,1
5,81,1
5,82,1
5,83,1
5,84,1
5,85,1
5,86,1
5,87,1
5,88,1
5,89,1
5,90,1
5,91,1
5,92,1
5,93,1
5,94,1
5,95,1
5,96,1
5,97,1
5,98,1
5,99,0
6,0,0
6,1,0
6,2,0
6,3,0
6,4,0
6,5,0
6,6,0
6,7,0
6,8,0
6,9,0
6,10,0
6,11,0
6,12,0
6,13,0
6,14,0
6,15,2
6,16,2
6,17,2
6,18,2
6,19,1
6,20,1
6,21,1
6,22,1
6,23,1
6,24,1
6,25,1
6,26,1
6,27,1
6,28,1
6,29,1
6,30,1
6,31,1
6,32,1
6,33,1
6,34,1
6,35,1
6,36,1
6,37,1
6,38,1
6,39,1
6,40,1
6,41,1
6,42,1
6,43,1
6,44,1
6,45,1
6,46,1
6,47,1
6,48,1
6,49,1
6,50,1
6,51,1
6,52,1
6,53,1
6,54,1
6,55,1
6,56,1
6,57,1
6,58,1
6,59,1
6,60,1
6,61,1
6,62,1
6,63,1
6,64,1
6,65,1
6,66,1
6,67,1
6,68,1
6,69,1
6,70,1
6,71,1
6,72,1
6,73,1
6,74,1
6,75,1
6,76,1
6,77,1
6,78,1
6,79,1
6,80,1
6,81,1
6,82,1
6,83,1
6,84,1
6,85,1
6,86,1
6,87,1
6,88,1
6,89,1
6,90,1
6,91,1
6,92,1
6,93,1
6,94,1
6,95,1
6,96,1
6,97,1
6,98,1
6,99,0
7,0,0
7,1,0
7,2,0
7,3,0
7,4,0
7,5,0
7,6,0
7,7,0
7,8,0
7,9,0
7,10,0
7,11,0
7,12,0
7,13,0
7,14,2
7,15,2
7,16,0
7,17,0
7,18,2
7,19,2
7,20,1
7,21,1
7,22,1
7,23,1
7,24,1
7,25,1
7,26,1
7,27,1
7,28,1
7,29,1
7,30,1
7,31,1
7,32,1
7,33,1
7,34,1
7,35,1
7,36,1
7,37,1
7,38,1
7,39,1
7,40,1
7,41,1
7,42,1
7,43,1
7,44,1
7,45,1
7,46,1
7,47,1
7,48,1
7,49,1
7,50,1
7,51,1
7,52,1
7,53,1
7,54,1
7,55,1
7,56,1
7,57,1
7,58,1
7,59,1
7,60,1
7,61,1
7,62,1
7,63,1
7,64,1
7,65,1
7,66,1
7,67,1
7,68,1
7,69,1
7,70,1
7,71,1
7,72,1
7,73,1
7,74,1
7,75,1
7,76,1
7,77,1
7,78,1
7,79,1
7,80,1
7,81,1
7,82,1
7,83,1
7,84,1
7,85,1
7,86,1
7,87,1
7,88,1
7,89,1
7,90,1
7,91,1
7,92,1
7,93,1
7,94,1
7,95,1
7,96,1
7,97,1
7,98,1
7,99,0
8,0,0
8,1,0
8,2,0
8,3,0
8,4,0
8,5,0
8,6,0
8,7,0
8,8,0
8,9,0
8,10,0
8,11,0
8,12,0
8,13,2
8,14,2
8,15,0
8,16,0
8,17,0
8,18,0
8,19,2
8,20,1
8,21,1
8,22,1
8,23,1
8,24,1
8,25,1
8,26,1
8,27,1
8,28,1
8,29,1
8,30,1
8,31,1
8,32,1
8,33,1
8,34,1
8,35,1
8,36,1
8,37,1
8,38,1
8,39,1
8,40,1
8,41,1
8,42,1
8,43,1
8,44,1
8,45,1
8,46,1
8,47,1
8,48,1
8,49,1
8,50,1
8,51,1
8,52,1
8,53,1
8,54,1
8,55,1
8,56,1
8,57,1
8,58,1
8,59,1
8,60,1
8,61,1
8,62,1
8,63,1
8,64,1
8,65,1
8,66,1
8,67,1
8,68,1
8,69,1
8,70,1
8,71,1
8,72,1
8,73,1
8,74,1
8,75,1
8,76,1
8,77,1
8,78,1
8,79,1
8,80,1
8,81,1
8,82,1
8,83,1
8,84,1
8,85,1
8,86,1
8,87,1
8,88,1
8,89,1
8,90,1
8,91,1
8,92,1
8,93,1
8,94,1
8,95,1
8,96,1
8,97,1
8,98,1
8,99,0
9,0,0
9,1,0
9,2,0
9,3,0
9,4,0
9,5,0
9,6,0
9,7,0
9,8,0
9,9,0
9,10,0
9,11,0
9,12,0
9,13,2
9,14,0
9,15,0
9,16,0
9,17,0
9,18,0
9,19,2
9,20,1
9,21,1
9,22,1
9,23,1
9,24,1
9,25,1
9,26,1
9,27,1
9,28,1
9,29,1
9,30,1
9,31,1
9,32,1
9,33,1
9,34,1
9,35,1
9,36,1
9,37,1
9,38,1
9,39,1
9,40,1
9,41,1
9,42,1
9,43,1
9,44,1
9,45,1
9,46,1
9,47,1
9,48,1
9,49,1
9,50,1
9,51,1
9,52,1
9,53,1
9,54,1
9,55,1
9,56,1
9,57,1
9,58,1
9,59,1
9,60,1
9,61,1
9,62,1
9,63,1
9,64,1
9,65,1
9,66,1
9,67,1
9,68,1
9,69,1
9,70,1
9,71,1
9,72,1
9,73,1
9,74,1
9,75,1
9,76,1
9,77,1
9,78,1
9,79,1
9,80,1
9,81,1
9,82,1
9,83,1
9,84,1
9,85,1
9,86,1
9,87,0
9,88,0
9,89,1
9,90,1
9,91,1
9,92,1
9,93,1
9,94,1
9,95,1
9,96,1
9,97,1
9,98,1
9,99,0
10,0,0
10,1,0
10,2,0
10,3,0
10,4,0
10,5,0
10,6,0
10,7,0
10,8,0
10,9,0
10,10,0
10,11,0
10,12,0
10,13,2
10,14,0
10,15,0
10,16,0
10,17,0
10,18,0
10,19,2
10,20,1
10,21,1
10,22,1
10,23,1
10,24,1
10,25,1
10,26,1
10,27,1
10,28,1
10,29,1
10,30,1
10,31,1
10,32,1
10,33,1
10,34,1
10,35,1
10,36,1
10,37,1
10,38,1
10,39,1
10,40,1
10,41,1
10,42,1
10,43,1
10,44,1
10,45,1
10,46,1
10,47,1
10,48,1
10,49,1
10,50,1
10,51,1
10,52,1
10,53,1
10,54,1
10,55,1
10,56,1
10,57,1
10,58,1
10,59,1
10,60,1
10,61,1
10,62,1
10,63,1
10,64,1
10,65,1
10,66,1
10,67,1
10,68,1
10,69,1
10,70,1
10,71,1
10,72,1
10,73,1
10,74,1
10,75,1
10,76,1
10,77,1
10,78,1
10,79,1
10,80,1
10,81,1
10,82,1
10,83,1
10,84,1
10,85,1
10,86,0
10,87,0
10,88,0
10,89,1
10,90,1
10,91,1
10,92,1
10,93,1
10,94,1
10,95,1
10,96,1
10,97,1
10,98,1
10,99,0
11,0,0
11,1,0
11,2,0
11,3,0
11,4,0
11,5,0
11,6,0
11,7,0
11,8,0
11,9,0
11,10,0
11,11,0
11,12,0
11,13,2
11,14,0
11,15,0
11,16,0
11,17,0
11,18,0
11,19,1
11,20,1
11,21,1
11,22,1
11,23,1
11,24,1
11,25,1
11,26,1
11,27,1
11,28,1
11,29,1
11,30,1
11,31,1
11,32,1
11,33,1
11,34,1
11,35,1
11,36,1
11,37,1
11,38,1
11,39,1
11,40,1
11,41,1
11,42,1
11,43,1
11,44,1
11,45,1
11,46,1
11,47,1
11,48,1
11,49,1
11,50,1
11,51,1
11,52,1
11,53,1
11,54,1
11,55,1
11,56,1
11,57,1
11,58,1
11,59,1
11,60,1
11,61,1
11,62,1
11,63,1
11,64,1
11,65,1
11,66,1
11,67,1
11,68,1
11,69,1
11,70,1
11,71,1
11,72,1
11,73,1
11,74,1
11,75,1
11,76,1
11,77,1
11,78,1
11,79,1
11,80,1
11,81,1
11,82,1
11,83,1
11,84,1
11,85,1
11,86,0
11,87,0
11,88,0
11,89,1
11,90,1
11,91,1
11,92,1
11,93,1
11,94,1
11,95,1
11,96,1
11,97,1
11,98,1
11,99,0
12,0,0
12,1,0
12,2,0
12,3,0
12,4,0
12,5,0
12,6,0
12,7,0
12,8,0
12,9,0
12,10,0
12,11,0
12,12,0
12,13,2
12,14,0
12,15,0
12,16,0
12,17,0
12,18,0
12,19,1
12,20,1
12,21,1
12,22,1
12,23,1
12,24,1
12,25,1
12,26,1
12,27,1
12,28,1
12,29,1
12,30,1
12,31,1
12,32,1
12,33,1
12,34,1
12,35,1
12,36,1
12,37,1
12,38,1
12,39,1
12,40,1
12,41,1
12,42,1
12,43,1
12,44,1
12,45,1
12,46,1
12,47,1
12,48,1
12,49,1
12,50,1
12,51,1
12,52,1
12,53,1
12,54,1
12,55,1
12,56,1
12,57,1
12,58,1
12,59,1
12,60,1
12,61,1
12,62,1
12,63,1
12,64,1
12,65,1
12,66,1
12,67,1
12,68,1
12,69,1
12,70,1
12,71,1
12,72,1
12,73,1
12,74,1
12,75,1
12,76,1
12,77,1
12,78,1
12,79,1
12,80,1
12,81,1
12,82,1
12,83,1
12,84,1
12,85,1
12,86,0
12,87,0
12,88,0
12,89,1
12,90,1
12,91,1
12,92,1
12,93,1
12,94,1
12,95,1
12,96,1
12,97,1
12,98,1
12,99,0
13,0,0
13,1,0
13,2,0
13,3,0
13,4,0
13,5,0
13,6,0
13,7,0
13,8,0
13,9,0
13,10,0
13,11,0
13,12,0
13,13,2
13,14,0
13,15,0
13,16,0
13,17,0
13,18,1
13,19,1
13,20,1
13,21,1
13,22,1
13,23,1
13,24,1
13,25,1
13,26,1
13,27,1
13,28,1
13,29,1
13,30,1
13,31,1
13,32,1
13,33,1
13,34,1
13,35,1
13,36,1
13,37,1
13,38,1
13,39,1
13,40,1
13,41,1
13,42,1
13,43,1
13,44,1
13,45,1
13,46,1
13,47,1
13,48,1
13,49,1
13,50,1
13,51,1
13,52,1
13,53,1
13,54,1
13,55,1
13,56,1
13,57,1
13,58,1
13,59,1
13,60,1
13,61,1
13,62,1
13,63,1
13,64,1
13,65,1
13,66,1
13,67,1
13,68,1
13,69,1
13,70,1
13,71,1
13,72,1
13,73,1
13,74,1
13,75,1
13,76,1
13,77,1
13,78,1
13,79,1
13,80,1
13,81,1
13,82,1
13,83,1
13,84,1
13,85,1
13,86,0
13,87,0
13,88,0
13,89,1
13,90,1
13,91,1
13,92,1
13,93,1
13,94,1
13,95,1
13,96,1
13,97,1
13,98,1
13,99,0
14,0,0
14,1,0
14,2,0
14,3,0
14,4,0
14,5,0
14,6,0
14,7,0
14,8,0
14,9,0
14,10,0
14,11,0
14,12,0
14,13,1
14,14,2
14,15,1
14,16,1
14,17,1
14,18,1
14,19,1
14,20,1
14,21,1
14,22,1
14,23,1
14,24,1
14,25,1
14,26,1
14,27,1
14,28,1
14,29,1
14,30,1
14,31,1
14,32,1
14,33,1
14,34,1
14,35,1
14,36,1
14,37,1
14,38,1
14,39,1
14,40,1
14,41,1
14,42,1
14,43,1
14,44,1
14,45,1
14,46,1
14,47,1
14,48,1
14,49,1
14,50,1
14,51,1
14,52,1
14,53,1
14,54,1
14,55,1
14,56,1
14,57,1
14,58,1
14,59,1
14,60,1
14,61,1
14,62,1
14,63,1
14,64,1
14,65,1
14,66,1
14,67,1
14,68,1
14,69,1
14,70,1
14,71,1
14,72,1
14,73,1
14,74,2
14,75,2
14,76,2
14,77,2
14,78,1
14,79,1
14,80,1
14,81,1
14,82,1
14,83,1
14,84,1
14,85,1
14,86,0
14,87,0
14,88,0
14,89,1
14,90,1
14,91,1
14,92,1
14,93,1
14,94,1
14,95,1
14,96,1
14,97,1
14,98,0
14,99,0
15,0,0
15,1,0
15,2,0
15,3,0
15,4,0
15,5,0
15,6,0
15,7,0
15,8,0
15,9,1
15,10,1
15,11,1
15,12,1
15,13,1
15,14,1
15,15,1
15,16,1
15,17,1
15,18,1
15,19,1
15,20,1
15,21,1
15,22,1
15,23,1
15,24,0
15,25,0
15,26,0
15,27,0
15,28,0
15,29,0
15,30,0
15,31,0
15,32,0
15,33,0
15,34,0
15,35,1
15,36,1
15,37,1
15,38,1
15,39,1
15,40,1
15,41,1
15,42,1
15,43,1
15,44,1
15,45,1
15,46,1
15,47,1
15,48,1
15,49,1
15,50,1
15,51,1
15,52,1
15,53,1
15,54,1
15,55,1
15,56,1
15,57,1
15,58,1
15,59,1
15,60,1
15,61,1
15,62,1
15,63,1
15,64,1
15,65,1
15,66,1
15,67,1
15,68,1
15,69,1
15,70,1
15,71,1
15,72,2
15,73,0
15,74,0
15,75,0
15,76,0
15,77,2
15,78,2
15,79,2
15,80,1
15,81,1
15,82,1
15,83,1
15,84,1
15,85,1
15,86,0
15,87,0
15,88,0
15,89,1
15,90,1
15,91,1
15,92,1
15,93,1
15,94,1
15,95,1
15,96,1
15,97,1
15,98,0
15,99,0
16,0,0
16,1,0
16,2,0
16,3,0
16,4,0
16,5,1
16,6,1
16,7,1
16,8,1
16,9,1
16,10,1
16,11,1
16,12,1
16,13,1
16,14,1
16,15,1
16,16,1
16,17,1
16,18,1
16,19,1
16,20,1
16,21,1
16,22,1
16,23,1
16,24,0
16,25,0
16,26,0
16,27,0
16,28,0
16,29,0
16,30,0
16,31,0
16,32,0
16,33,0
16,34,0
16,35,0
16,36,0
16,37,0
16,38,0
16,39,0
16,40,0
16,41,0
16,42,0
16,43,0
16,44,0
16,45,0
16,46,1
16,47,1
16,48,1
16,49,1
16,50,1
16,51,1
16,52,1
16,53,1
16,54,1
16,55,1
16,56,1
16,57,1
16,58,1
16,59,1
16,60,1
16,61,1
16,62,1
16,63,1
16,64,1
16,65,1
16,66,1
16,67,1
16,68,1
16,69,1
16,70,1
16,71,0
16,72,0
16,73,0
16,74,0
16,75,0
16,76,0
16,77,0
16,78,2
16,79,2
16,80,1
16,81,1
16,82,1
16,83,1
16,84,1
16,85,1
16,86,0
16,87,0
16,88,0
16,89,1
16,90,1
16,91,1
16,92,1
16,93,1
16,94,1
16,95,1
16,96,1
16,97,0
16,98,0
16,99,0
17,0,0
17,1,0
17,2,0
17,3,0
17,4,0
17,5,1
17,6,1
17,7,1
17,8,1
17,9,1
17,10,1
17,11,1
17,12,1
17,13,1
17,14,1
17,15,1
17,16,1
17,17,1
17,18,1
17,19,1
17,20,1
17,21,1
17,22,1
17,23,1
17,24,0
17,25,0
17,26,0
17,27,0
17,28,0
17,29,0
17,30,0
17,31,0
17,32,0
17,33,0
17,34,0
17,35,0
17,36,0
17,37,0
17,38,0
17,39,0
17,40,0
17,41,0
17,42,0
17,43,0
17,44,0
17,45,0
17,46,0
17,47,0
17,48,0
17,49,0
17,50,0
17,51,0
17,52,0
17,53,0
17,54,0
17,55,0
17,56,0
17,57,1
17,58,1
17,59,1
17,60,1
17,61,1
17,62,1
17,63,1
17,64,1
17,65,1
17,66,1
17,67,1
17,68,1
17,69,1
17,70,0
17,71,0
17,72,0
17,73,0
17,74,0
17,75,0
17,76,0
17,77,0
17,78,0
17,79,2
17,80,2
17,81,1
17,82,1
17,83,1
17,84,1
17,85,1
17,86,0
17,87,0
17,88,0
17,89,1
17,90,1
17,91,1
17,92,1
17,93,1
17,94,1
17,95,1
17,96,0
17,97,0
17,98,0
17,99,0
18,0,0
18,1,0
18,2,0
18,3,0
18,4,0
18,5,1
18,6,1
18,7,1
18,8,1
18,9,1
18,10,1
18,11,1
18,12,1
18,13,1
18,14,1
18,15,1
18,16,1
18,17,1
18,18,2
18,19,2
18,20,2
18,21,2
18,22,2
18,23,2
18,24,0
18,25,0
18,26,0
18,27,0
18,28,0
18,29,0
18,30,0
18,31,0
18,32,0
18,33,0
18,34,0
18,35,0
18,36,0
18,37,0
18,38,0
18,39,0
18,40,0
18,41,0
18,42,0
18,43,0
18,44,0
18,45,0
18,46,0
18,47,0
18,48,0
18,49,0
18,50,0
18,51,0
18,52,0
18,53,0
18,54,0
18,55,0
18,56,0
18,57,0
18,58,0
18,59,0
18,60,0
18,61,0
18,62,0
18,63,0
18,64,0
18,65,0
18,66,0
18,67,1
18,68,1
18,69,1
18,70,0
18,71,0
18,72,0
18,73,0
18,74,0
18,75,0
18,76,0
18,77,0
18,78,0
18,79,0
18,80,2
18,81,1
18,82,1
18,83,1
18,84,1
18,85,0
18,86,0
18,87,0
18,88,0
18,89,1
18,90,1
18,91,1
18,92,1
18,93,1
18,94,0
18,95,0
18,96,0
18,97,0
18,98,0
18,99,0
19,0,0
19,1,0
19,2,0
19,3,0
19,4,0
19,5,1
19,6,1
19,7,1
19,8,1
19,9,1
19,10,1
19,11,1
19,12,1
19,13,1
19,14,1
19,15,1
19,16,1
19,17,1
19,18,2
19,19,0
19,20,0
19,21,0
19,22,0
19,23,0
19,24,0
19,25,0
19,26,0
19,27,0
19,28,0
19,29,0
19,30,0
19,31,0
19,32,0
19,33,0
19,34,0
19,35,0
19,36,0
19,37,0
19,38,0
19,39,0
19,40,0
19,41,0
19,42,0
19,43,0
19,44,0
19,45,0
19,46,0
19,47,0
19,48,0
19,49,0
19,50,0
19,51,0
19,52,0
19,53,0
19,54,0
19,55,0
19,56,0
19,57,0
19,58,0
19,59,0
19,60,0
19,61,0
19,62,0
19,63,0
19,64,0
19,65,0
19,66,0
19,67,0
19,68,0
19,69,0
19,70,0
19,71,0
19,72,0
19,73,0
19,74,0
19,75,0
19,76,0
19,77,0
19,78,0
19,79,0
19,80,2
19,81,0
19,82,0
19,83,0
19,84,0
19,85,0
19,86,0
19,87,0
19,88,0
19,89,0
19,90,0
19,91,0
19,92,0
19,93,0
19,94,0
19,95,0
19,96,0
19,97,0
19,98,0
19,99,0
20,0,0
20,1,0
20,2,0
20,3,0
20,4,0
20,5,1
20,6,1
20,7,1
20,8,1
20,9,1
20,10,1
20,11,1
20,12,1
20,13,1
20,14,1
20,15,1
20,16,1
20,17,1
20,18,2
20,19,0
20,20,0
20,21,0
20,22,0
20,23,0
20,24,0
20,25,0
20,26,0
20,27,0
20,28,0
20,29,0
20,30,0
20,31,0
20,32,0
20,33,0
20,34,0
20,35,0
20,36,0
20,37,0
20,38,0
20,39,0
20,40,0
20,41,0
20,42,0
20,43,0
20,44,0
20,45,0
20,46,0
20,47,0
20,48,0
20,49,0
20,50,0
20,51,0
20,52,0
20,53,0
20,54,0
20,55,0
20,56,0
20,57,0
20,58,0
20,59,0
20,60,0
20,61,0
20,62,0
20,63,0
20,64,0
20,65,0
20,66,0
20,67,0
20,68,0
20,69,0
20,70,0
20,71,0
20,72,0
20,73,0
20,74,0
20,75,0
20,76,0
20,77,0
20,78,0
20,79,0
20,80,0
20,81,0
20,82,0
20,83,0
20,84,0
20,85,0
20,86,0
20,87,0
20,88,0
20,89,0
20,90,0
20,91,0
20,92,0
20,93,0
20,94,0
20,95,0
20,96,0
20,97,0
20,98,0
20,99,0
21,0,0
21,1,0
21,2,0
21,3,0
21,4,0
21,5,0
21,6,1
21,7,1
21,8,1
21,9,1
21,10,1
21,11,1
21,12,1
21,13,1
21,14,1
21,15,1
21,16,1
21,17,1
21,18,2
21,19,0
21,20,0
21,21,0
21,22,0
21,23,0
21,24,0
21,25,0
21,26,0
21,27,0
21,28,0
21,29,0
21,30,0
21,31,0
21,32,0
21,33,0
21,34,0
21,35,0
21,36,0
21,37,0
21,38,0
21,39,0
21,40,0
21,41,0
21,42,0
21,43,0
21,44,0
21,45,0
21,46,0
21,47,0
21,48,0
21,49,0
21,50,0
21,51,0
21,52,0
21,53,0
21,54,0
21,55,0
21,56,0
21,57,0
21,58,0
21,59,0
21,60,0
21,61,0
21,62,0
21,63,0
21,64,0
21,65,0
21,66,0
21,67,0
21,68,0
21,69,0
21,70,0
21,71,0
21,72,0
21,73,0
21,74,0
21,75,0
21,76,0
21,77,0
21,78,0
21,79,0
21,80,0
21,81,0
21,82,0
21,83,0
21,84,0
21,85,0
21,86,0
21,87,0
21,88,0
21,89,0
21,90,0
21,91,0
21,92,0
21,93,0
21,94,0
21,95,0
21,96,0
21,97,0
21,98,0
21,99,0
22,0,0
22,1,0
22,2,0
22,3,0
22,4,0
22,5,0
22,6,1
22,7,1
22,8,1
22,9,1
22,10,1
22,11,1
22,12,1
22,13,1
22,14,1
22,15,1
22,16,1
22,17,1
22,18,2
22,19,0
22,20,0
22,21,0
22,22,0
22,23,0
22,24,0
22,25,0
22,26,1
22,27,0
22,28,0
22,29,0
22,30,0
22,31,0
22,32,0
22,33,0
22,34,0
22,35,0
22,36,0
22,37,0
22,38,0
22,39,0
22,40,0
22,41,0
22,42,0
22,43,0
22,44,0
22,45,0
22,46,0
22,47,0
22,48,0
22,49,0
22,50,0
22,51,0
22,52,0
22,53,0
22,54,0
22,55,0
22,56,0
22,57,0
22,58,0
22,59,0
22,60,0
22,61,0
22,62,0
22,63,0
22,64,0
22,65,0
22,66,0
22,67,0
22,68,0
22,69,0
22,70,0
22,71,0
22,72,0
22,73,0
22,74,0
22,75,0
22,76,0
22,77,0
22,78,0
22,79,0
22,80,0
22,81,0
22,82,0
22,83,0
22,84,0
22,85,0
22,86,0
22,87,0
22,88,0
22,89,0
22,90,0
22,91,0
22,92,0
22,93,0
22,94,0
22,95,0
22,96,0
22,97,0
22,98,0
22,99,0
23,0,0
23,1,0
23,2,0
23,3,0
23,4,0
23,5,0
23,6,1
23,7,1
23,8,1
23,9,1
23,10,1
23,11,1
23,12,1
23,13,1
23,14,1
23,15,1
23,16,1
23,17,1
23,18,1
23,19,2
23,20,2
23,21,2
23,22,2
23,23,1
23,24,1
23,25,1
23,26,1
23,27,0
23,28,0
23,29,0
23,30,0
23,31,0
23,32,0
23,33,0
23,34,0
23,35,0
23,36,0
23,37,0
23,38,0
23,39,0
23,40,0
23,41,0
23,42,0
23,43,0
23,44,0
23,45,0
23,46,0
23,47,0
23,48,0
23,49,0
23,50,0
23,51,0
23,52,0
23,53,0
23,54,0
23,55,0
23,56,0
23,57,0
23,58,0
23,59,0
23,60,0
23,61,0
23,62,0
23,63,0
23,64,0
23,65,0
23,66,0
23,67,0
23,68,0
23,69,0
23,70,0
23,71,0
23,72,0
23,73,0
23,74,0
23,75,0
23,76,0
23,77,0
23,78,0
23,79,0
23,80,0
23,81,0
23,82,0
23,83,0
23,84,0
23,85,0
23,86,0
23,87,0
23,88,0
23,89,0
23,90,0
23,91,0
23,92,0
23,93,0
23,94,0
23,95,0
23,96,0
23,97,0
23,98,0
23,99,0
24,0,0
24,1,0
24,2,0
24,3,0
24,4,0
24,5,0
24,6,0
24,7,1
24,8,1
24,9,1
24,10,1
24,11,1
24,12,1
24,13,1
24,14,1
24,15,1
24,16,1
24,17,1
24,18,1
24,19,1
24,20,1
24,21,1
24,22,1
24,23,1
24,24,1
24,25,1
24,26,1
24,27,1
24,28,0
24,29,0
24,30,0
24,31,0
24,32,0
24,33,0
24,34,0
24,35,0
24,36,0
24,37,0
24,38,0
24,39,0
24,40,0
24,41,0
24,42,0
24,43,0
24,44,0
24,45,0
24,46,0
24,47,0
24,48,0
24,49,0
24,50,0
24,51,0
24,52,0
24,53,0
24,54,0
24,55,0
24,56,0
24,57,0
24,58,0
24,59,0
24,60,0
24,61,0
24,62,0
24,63,0
24,64,0
24,65,0
24,66,0
24,67,0
24,68,0
24,69,0
24,70,0
24,71,0
24,72,0
24,73,0
24,74,0
24,75,0
24,76,0
24,77,0
24,78,0
24,79,0
24,80,0
24,81,0
24,82,0
24,83,0
24,84,0
24,85,0
24,86,0
24,87,0
24,88,0
24,89,0
24,90,0
24,91,0
24,92,0
24,93,0
24,94,0
24,95,0
24,96,0
24,97,0
24,98,0
24,99,0
25,0,0
25,1,0
25,2,0
25,3,0
25,4,0
25,5,0
25,6,0
25,7,1
25,8,1
25,9,1
25,10,1
25,11,1
25,12,1
25,13,1
25,14,1
25,15,1
25,16,1
25,17,1
25,18,1
25,19,1
25,20,1
25,21,1
25,22,1
25,23,1
25,24,1
25,25,1
25,26,1
25,27,1
25,28,0
25,29,0
25,30,0
25,31,0
25,32,0
25,33,0
25,34,0
25,35,0
25,36,0
25,37,0
25,38,0
25,39,0
25,40,0
25,41,0
25,42,0
25,43,0
25,44,0
25,45,0
25,46,0
25,47,0
25,48,0
25,49,0
25,50,0
25,51,0
25,52,0
25,53,0
25,54,0
25,55,0
25,56,0
25,57,0
25,58,0
25,59,0
25,60,0
25,61,0
25,62,0
25,63,0
25,64,0
25,65,0
25,66,0
25,67,0
25,68,0
25,69,0
25,70,0
25,71,0
25,72,0
25,73,0
25,74,0
25,75,0
25,76,0
25,77,0
25,78,0
25,79,0
25,80,0
25,81,0
25,82,0
25,83,0
25,84,0
25,85,0
25,86,0
25,87,0
25,88,0
25,89,0
25,90,0
25,91,0
25,92,0
25,93,0
25,94,0
25,95,0
25,96,0
25,97,0
25,98,0
25,99,0
26,0,0
26,1,0
26,2,0
26,3,0
26,4,0
26,5,0
26,6,0
26,7,0
26,8,1
26,9,1
26,10,1
26,11,1
26,12,1
26,13,1
26,14,1
26,15,1
26,16,1
26,17,1
26,18,1
26,19,1
26,20,1
26,21,1
26,22,1
26,23,1
26,24,1
26,25,1
26,26,1
26,27,1
26,28,1
26,29,0
26,30,0
26,31,0
26,32,0
26,33,0
26,34,0
26,35,0
26,36,0
26,37,0
26,38,0
26,39,0
26,40,0
26,41,0
26,42,0
26,43,0
26,44,0
26,45,0
26,46,0
26,47,0
26,48,0
26,49,0
26,50,0
26,51,0
26,52,0
26,53,0
26,54,0
26,55,0
26,56,0
26,57,0
26,58,0
26,59,0
26,60,0
26,61,0
26,62,0
26,63,0
26,64,0
26,65,0
26,66,0
26,67,0
26,68,0
26,69,0
26,70,0
26,71,0
26,72,0
26,73,0
26,74,0
26,75,0
26,76,0
26,77,0
26,78,0
26,79,0
26,80,0
26,81,0
26,82,0
26,83,0
26,84,0
26,85,0
26,86,0
26,87,0
26,88,0
26,89,0
26,90,0
26,91,0
26,92,0
26,93,0
26,94,0
26,95,0
26,96,0
26,97,0
26,98,0
26,99,0
27,0,0
27,1,0
27,2,0
27,3,0
27,4,0
27,5,0
27,6,0
27,7,0
27,8,1
27,9,1
27,10,1
27,11,1
27,12,1
27,13,1
27,14,1
27,15,1
27,16,1
27,17,1
27,18,1
27,19,1
27,20,1
27,21,1
27,22,1
27,23,1
27,24,1
27,25,1
27,26,1
27,27,1
27,28,1
27,29,0
27,30,0
27,31,0
27,32,0
27,33,0
27,34,0
27,35,0
27,36,0
27,37,0
27,38,0
27,39,0
27,40,0
27,41,0
27,42,0
27,43,0
27,44,0
27,45,0
27,46,0
27,47,0
27,48,0
27,49,0
27,50,0
27,51,0
27,52,0
27,53,0
27,54,0
27,55,0
27,56,0
27,57,0
27,58,0
27,59,0
27,60,0
27,61,0
27,62,0
27,63,0
27,64,0
27,65,0
27,66,0
27,67,0
27,68,0
27,69,0
27,70,0
27,71,0
27,72,0
27,73,0
27,74,0
27,75,0
27,76,0
27,77,0
27,78,0
27,79,0
27,80,0
27,81,0
27,82,0
27,83,0
27,84,0
27,85,0
27,86,0
27,87,0
27,88,0
27,89,0
27,90,0
27,91,0
27,92,0
27,93,0
27,94,0
27,95,0
27,96,0
27,97,0
27,98,0
27,99,0
28,0,0
28,1,0
28,2,0
28,3,0
28,4,0
28,5,0
28,6,0
28,7,0
28,8,0
28,9,1
28,10,1
28,11,1
28,12,1
28,13,1
28,14,1
28,15,1
28,16,1
28,17,1
28,18,1
28,19,1
28,20,1
28,21,1
28,22,1
28,23,1
28,24,1
28,25,1
28,26,1
28,27,1
28,28,1
28,29,1
28,30,0
28,31,0
28,32,0
28,33,0
28,34,0
28,35,0
28,36,0
28,37,0
28,38,0
28,39,0
28,40,0
28,41,0
28,42,0
28,43,0
28,44,0
28,45,0
28,46,0
28,47,0
28,48,0
28,49,0
28,50,0
28,51,0
28,52,0
28,53,0
28,54,0
28,55,0
28,56,0
28,57,0
28,58,0
28,59,0
28,60,0
28,61,0
28,62,0
28,63,0
28,64,0
28,65,0
28,66,0
28,67,0
28,68,0
28,69,0
28,70,0
28,71,0
28,72,0
28,73,0
28,74,0
28,75,0
28,76,0
28,77,0
28,78,0
28,79,0
28,80,0
28,81,0
28,82,0
28,83,0
28,84,0
28,85,0
28,86,0
28,87,0
28,88,0
28,89,0
28,90,0
28,91,0
28,92,0
28,93,0
28,94,0
28,95,0
28,96,0
28,97,0
28,98,0
28,99,0
29,0,0
29,1,0
29,2,0
29,3,0
29,4,0
29,5,0
29,6,0
29,7,0
29,8,0
29,9,1
29,10,1
29,11,1
29,12,1
29,13,1
29,14,1
29,15,1
29,16,1
29,17,1
29,18,1
29,19,1
29,20,1
29,21,1
29,22,1
29,23,1
29,24,1
29,25,1
29,26,1
29,27,1
29,28,1
29,29,1
29,30,0
29,31,0
29,32,0
29,33,0
29,34,0
29,35,0
29,36,0
29,37,0
29,38,0
29,39,0
29,40,0
29,41,0
29,42,0
29,43,0
29,44,0
29,45,0
29,46,0
29,47,0
29,48,0
29,49,0
29,50,0
29,51,0
29,52,0
29,53,0
29,54,0
29,55,0
29,56,0
29,57,0
29,58,0
29,59,0
29,60,0
29,61,0
29,62,0
29,63,0
29,64,0
29,65,0
29,66,0
29,67,0
29,68,0
29,69,0
29,70,0
29,71,0
29,72,0
29,73,0
29,74,0
29,75,0
29,76,0
29,77,0
29,78,0
29,79,0
29,80,0
29,81,0
29,82,0
29,83,0
29,84,0
29,85,0
29,86,0
29,87,0
29,88,0
29,89,0
29,90,0
29,91,0
29,92,0
29,93,0
29,94,0
29,95,0
29,96,0
29,97,0
29,98,0
29,99,0
30,0,0
30,1,0
30,2,0
30,3,0
30,4,0
30,5,0
30,6,0
30,7,0
30,8,0
30,9,1
30,10,1
30,11,1
30,12,1
30,13,1
30,14,1
30,15,1
30,16,1
30,17,1
30,18,1
30,19,1
30,20,1
30,21,1
30,22,1
30,23,1
30,24,1
30,25,1
30,26,1
30,27,1
30,28,1
30,29,1
30,30,1
30,31,0
30,32,0
30,33,0
30,34,0
30,35,0
30,36,0
30,37,0
30,38,0
30,39,0
30,40,0
30,41,0
30,42,0
30,43,0
30,44,0
30,45,0
30,46,0
30,47,0
30,48,0
30,49,0
30,50,0
30,51,0
30,52,0
30,53,0
30,54,0
30,55,0
30,56,0
30,57,0
30,58,0
30,59,0
30,60,0
30,61,0
30,62,0
30,63,0
30,64,0
30,65,0
30,66,0
30,67,0
30,68,0
30,69,0
30,70,0
30,71,0
30,72,0
30,73,0
30,74,0
30,75,0
30,76,0
30,77,0
30,78,0
30,79,0
30,80,0
30,81,0
30,82,0
30,83,0
30,84,0
30,85,0
30,86,0
30,87,0
30,88,0
30,89,0
30,90,0
30,91,0
30,92,0
30,93,0
30,94,0
30,95,0
30,96,0
30,97,0
30,98,0
30,99,0
31,0,0
31,1,0
31,2,0
31,3,0
31,4,0
31,5,0
31,6,0
31,7,0
31,8,0
31,9,0
31,10,1
31,11,1
31,12,1
31,13,1
31,14,1
31,15,1
31,16,1
31,17,1
31,18,1
31,19,1
31,20,1
31,21,1
31,22,1
31,23,1
31,24,1
31,25,1
31,26,1
31,27,1
31,28,1
31,29,1
31,30,1
31,31,0
31,32,0
31,33,0
31,34,0
31,35,0
31,36,0
31,37,0
31,38,0
31,39,0
31,40,0
31,41,0
31,42,0
31,43,0
31,44,0
31,45,0
31,46,0
31,47,0
31,48,0
31,49,0
31,50,0
31,51,0
31,52,0
31,53,0
31,54,0
31,55,0
31,56,0
31,57,0
31,58,0
31,59,0
31,60,0
31,61,0
31,62,0
31,63,0
31,64,0
31,65,0
31,66,0
31,67,0
31,68,0
31,69,0
31,70,0
31,71,0
31,72,0
31,73,0
31,74,0
31,75,0
31,76,0
31,77,0
31,78,0
31,79,0
31,80,0
31,81,0
31,82,0
31,83,0
31,84,0
31,85,0
31,86,0
31,87,0
31,88,0
31,89,0
31,90,0
31,91,0
31,92,0
31,93,0
31,94,0
31,95,0
31,96,0
31,97,0
31,98,0
31,99,0
32,0,0
32,1,0
32,2,0
32,3,0
32,4,0
32,5,0
32,6,0
32,7,0
32,8,0
32,9,0
32,10,1
32,11,1
32,12,1
32,13,1
32,14,1
32,15,1
32,16,1
32,17,1
32,18,1
32,19,1
32,20,1
32,21,1
32,22,1
32,23,1
32,24,1
32,25,1
32,26,1
32,27,1
32,28,1
32,29,1
32,30,1
32,31,1
32,32,0
32,33,0
32,34,0
32,35,0
32,36,0
32,37,0
32,38,0
32,39,0
32,40,0
32,41,0
32,42,0
32,43,0
32,44,0
32,45,0
32,46,0
32,47,0
32,48,0
32,49,0
32,50,0
32,51,0
32,52,0
32,53,0
32,54,0
32,55,0
32,56,0
32,57,0
32,58,0
32,59,0
32,60,0
32,61,0
32,62,0
32,63,0
32,64,0
32,65,0
32,66,0
32,67,0
32,68,0
32,69,0
32,70,0
32,71,0
32,72,0
32,73,0
32,74,0
32,75,0
32,76,0
32,77,0
32,78,0
32,79,0
32,80,0
32,81,0
32,82,0
32,83,0
32,84,0
32,85,0
32,86,0
32,87,0
32,88,0
32,89,0
32,90,0
32,91,0
32,92,0
32,93,0
32,94,0
32,95,0
32,96,0
32,97,0
32,98,0
32,99,0
33,0,0
33,1,0
33,2,0
33,3,0
33,4,0
33,5,0
33,6,0
33,7,0
33,8,0
33,9,0
33,10,0
33,11,1
33,12,1
33,13,1
33,14,1
33,15,1
33,16,1
33,17,1
33,18,1
33,19,1
33,20,1
33,21,1
33,22,1
33,23,1
33,24,1
33,25,1
33,26,1
33,27,1
33,28,1
33,29,1
33,30,1
33,31,1
33,32,0
33,33,0
33,34,0
33,35,0
33,36,0
33,37,0
33,38,0
33,39,0
33,40,0
33,41,0
33,42,0
33,43,0
33,44,0
33,45,0
33,46,0
33,47,0
33,48,0
33,49,0
33,50,0
33,51,0
33,52,0
33,53,0
33,54,0
33,55,0
33,56,0
33,57,0
33,58,0
33,59,0
33,60,0
33,61,0
33,62,0
33,63,0
33,64,0
33,65,0
33,66,0
33,67,0
33,68,0
33,69,0
33,70,0
33,71,0
33,72,0
33,73,0
33,74,0
33,75,0
33,76,0
33,77,0
33,78,0
33,79,0
33,80,0
33,81,0
33,82,0
33,83,0
33,84,0
33,85,0
33,86,0
33,87,0
33,88,0
33,89,0
33,90,0
33,91,0
33,92,0
33,93,0
33,94,0
33,95,0
33,96,0
33,97,0
33,98,0
33,99,0
34,0,0
34,1,0
34,2,0
34,3,0
34,4,0
34,5,0
34,6,0
34,7,0
34,8,0
34,9,0
34,10,0
34,11,1
34,12,1
34,13,1
34,14,1
34,15,1
34,16,1
34,17,1
34,18,1
34,19,1
34,20,1
34,21,1
34,22,1
34,23,1
34,24,1
34,25,1
34,26,1
34,27,1
34,28,1
34,29,1
34,30,1
34,31,1
34,32,1
34,33,0
34,34,0
34,35,0
34,36,0
34,37,0
34,38,0
34,39,0
34,40,0
34,41,0
34,42,0
34,43,0
34,44,0
34,45,0
34,46,0
34,47,0
34,48,0
34,49,0
34,50,0
34,51,0
34,52,0
34,53,0
34,54,0
34,55,0
34,56,0
34,57,0
34,58,0
34,59,0
34,60,0
34,61,0
34,62,0
34,63,0
34,64,0
34,65,0
34,66,0
34,67,0
34,68,0
34,69,0
34,70,0
34,71,0
34,72,0
34,73,0
34,74,0
34,75,0
34,76,0
34,77,0
34,78,0
34,79,0
34,80,0
34,81,0
34,82,0
34,83,0
34,84,0
34,85,0
34,86,0
34,87,0
34,88,0
34,89,0
34,90,0
34,91,0
34,92,0
34,93,0
34,94,0
34,95,0
34,96,0
34,97,0
34,98,0
34,99,0
35,0,0
35,1,0
35,2,0
35,3,0
35,4,0
35,5,0
35,6,0
35,7,0
35,8,0
35,9,0
35,10,0
35,11,0
35,12,1
35,13,1
35,14,1
35,15,1
35,16,1
35,17,1
35,18,1
35,19,1
35,20,1
35,21,1
35,22,1
35,23,1
35,24,1
35,25,1
35,26,1
35,27,1
35,28,1
35,29,1
35,30,1
35,31,1
35,32,1
35,33,0
35,34,0
35,35,0
35,36,0
35,37,0
35,38,0
35,39,0
35,40,0
35,41,0
35,42,0
35,43,0
35,44,0
35,45,0
35,46,0
35,47,0
35,48,0
35,49,0
35,50,0
35,51,0
35,52,0
35,53,0
35,54,0
35,55,0
35,56,0
35,57,0
35,58,0
35,59,0
35,60,0
35,61,0
35,62,0
35,63,0
35,64,0
35,65,0
35,66,0
35,67,0
35,68,0
35,69,0
35,70,0
35,71,0
35,72,0
35,73,0
35,74,0
35,75,0
35,76,0
35,77,0
35,78,0
35,79,0
35,80,0
35,81,0
35,82,0
35,83,0
35,84,0
35,85,0
35,86,0
35,87,0
35,88,0
35,89,0
35,90,0
35,91,0
35,92,0
35,93,0
35,94,0
35,95,0
35,96,0
35,97,0
35,98,0
35,99,0
36,0,0
36,1,0
36,2,0
36,3,0
36,4,0
36,5,0
36,6,0
36,7,0
36,8,0
36,9,0
36,10,0
36,11,0
36,12,1
36,13,1
36,14,1
36,15,1
36,16,1
36,17,1
36,18,1
36,19,1
36,20,1
36,21,1
36,22,1
36,23,1
36,24,1
36,25,1
36,26,1
36,27,1
36,28,1
36,29,1
36,30,1
36,31,1
36,32,1
36,33,1
36,34,0
36,35,0
36,36,0
36,37,0
36,38,0
36,39,0
36,40,0
36,41,0
36,42,0
36,43,0
36,44,0
36,45,0
36,46,0
36,47,0
36,48,0
36,49,0
36,50,0
36,51,0
36,52,0
36,53,0
36,54,0
36,55,0
36,56,0
36,57,0
36,58,0
36,59,0
36,60,0
36,61,0
36,62,0
36,63,0
36,64,0
36,65,0
36,66,0
36,67,0
36,68,0
36,69,0
36,70,0
36,71,0
36,72,0
36,73,0
36,74,0
36,75,0
36,76,0
36,77,0
36,78,0
36,79,0
36,80,0
36,81,0
36,82,0
36,83,0
36,84,0
36,85,0
36,86,0
36,87,0
36,88,0
36,89,0
36,90,0
36,91,0
36,92,0
36,93,0
36,94,0
36,95,0
36,96,0
36,97,0
36,98,0
36,99,0
37,0,0
37,1,0
37,2,0
37,3,0
37,4,0
37,5,0
37,6,0
37,7,0
37,8,0
37,9,0
37,10,0
37,11,0
37,12,0
37,13,1
37,14,1
37,15,1
37,16,1
37,17,1
37,18,1
37,19,1
37,20,1
37,21,1
37,22,1
37,23,1
37,24,1
37,25,1
37,26,1
37,27,1
37,28,1
37,29,1
37,30,1
37,31,1
37,32,1
37,33,1
37,34,0
37,35,0
37,36,0
37,37,0
37,38,0
37,39,0
37,40,0
37,41,0
37,42,0
37,43,0
37,44,0
37,45,0
37,46,0
37,47,0
37,48,0
37,49,0
37,50,0
37,51,0
37,52,0
37,53,0
37,54,0
37,55,0
37,56,0
37,57,0
37,58,0
37,59,0
37,60,0
37,61,0
37,62,0
37,63,0
37,64,0
37,65,0
37,66,0
37,67,0
37,68,0
37,69,0
37,70,0
37,71,0
37,72,0
37,73,0
37,74,0
37,75,0
37,76,0
37,77,0
37,78,0
37,79,0
37,80,0
37,81,0
37,82,0
37,83,0
37,84,0
37,85,0
37,86,0
37,87,0
37,88,0
37,89,0
37,90,0
37,91,0
37,92,0
37,93,0
37,94,0
37,95,0
37,96,0
37,97,0
37,98,0
37,99,0
38,0,0
38,1,0
38,2,0
38,3,0
38,4,0
38,5,0
38,6,0
38,7,0
38,8,0
38,9,0
38,10,0
38,11,0
38,12,0
38,13,1
38,14,1
38,15,1
38,16,1
38,17,1
38,18,1
38,19,1
38,20,1
38,21,1
38,22,1
38,23,1
38,24,1
38,25,1
38,26,1
38,27,1
38,28,1
38,29,1
38,30,1
38,31,1
38,32,1
38,33,1
38,34,1
38,35,0
38,36,0
38,37,0
38,38,0
38,39,0
38,40,0
38,41,0
38,42,0
38,43,0
38,44,0
38,45,0
38,46,0
38,47,0
38,48,0
38,49,0
38,50,0
38,51,0
38,52,0
38,53,0
38,54,0
38,55,0
38,56,0
38,57,0
38,58,0
38,59,0
38,60,0
38,61,0
38,62,0
38,63,0
38,64,0
38,65,0
38,66,0
38,67,0
38,68,0
38,69,0
38,70,0
38,71,0
38,72,0
38,73,0
38,74,0
38,75,0
38,76,0
38,77,0
38,78,0
38,79,0
38,80,0
38,81,0
38,82,0
38,83,0
38,84,0
38,85,0
38,86,0
38,87,0
38,88,0
38,89,0
38,90,0
38,91,0
38,92,0
38,93,0
38,94,0
38,95,0
38,96,0
38,97,0
38,98,0
38,99,0
39,0,0
39,1,0
39,2,0
39,3,0
39,4,0
39,5,0
39,6,0
39,7,0
39,8,0
39,9,0
39,10,0
39,11,0
39,12,0
39,13,0
39,14,1
39,15,1
39,16,1
39,17,1
39,18,1
39,19,1
39,20,1
39,21,1
39,22,1
39,23,1
39,24,1
39,25,1
39,26,1
39,27,1
39,28,1
39,29,1
39,30,1
39,31,1
39,32,1
39,33,1
39,34,1
39,35,0
39,36,0
39,37,0
39,38,0
39,39,0
39,40,0
39,41,0
39,42,0
39,43,0
39,44,0
39,45,0
39,46,0
39,47,0
39,48,0
39,49,0
39,50,0
39,51,0
39,52,0
39,53,0
39,54,0
39,55,0
39,56,0
39,57,0
39,58,0
39,59,0
39,60,0
39,61,0
39,62,0
39,63,0
39,64,0
39,65,0
39,66,0
39,67,0
39,68,0
39,69,0
39,70,0
39,71,0
39,72,0
39,73,0
39,74,0
39,75,0
39,76,0
39,77,0
39,78,0
39,79,0
39,80,0
39,81,0
39,82,1
39,83,1
39,84,1
39,85,1
39,86,1
39,87,1
39,88,0
39,89,0
39,90,0
39,91,0
39,92,0
39,93,0
39,94,0
39,95,0
39,96,0
39,97,0
39,98,0
39,99,0
40,0,0
40,1,0
40,2,0
40,3,0
40,4,0
40,5,0
40,6,0
40,7,0
40,8,0
40,9,0
40,10,0
40,11,0
40,12,0
40,13,0
40,14,1
40,15,1
40,16,1
40,17,1
40,18,1
40,19,1
40,20,1
40,21,1
40,22,1
40,23,1
40,24,1
40,25,1
40,26,1
40,27,1
40,28,1
40,29,1
40,30,1
40,31,1
40,32,1
40,33,1
40,34,1
40,35,1
40,36,0
40,37,0
40,38,0
40,39,0
40,40,0
40,41,0
40,42,0
40,43,0
40,44,0
40,45,0
40,46,0
40,47,0
40,48,0
40,49,0
40,50,0
40,51,0
40,52,0
40,53,0
40,54,0
40,55,0
40,56,0
40,57,0
40,58,0
40,59,0
40,60,0
40,61,0
40,62,0
40,63,0
40,64,0
40,65,0
40,66,0
40,67,0
40,68,0
40,69,0
40,70,0
40,71,0
40,72,0
40,73,0
40,74,0
40,75,0
40,76,0
40,77,0
40,78,0
40,79,0
40,80,1
40,81,1
40,82,1
40,83,1
40,84,1
40,85,1
40,86,1
40,87,1
40,88,1
40,89,1
40,90,0
40,91,0
40,92,0
40,93,0
40,94,0
40,95,0
40,96,0
40,97,0
40,98,0
40,99,0
41,0,0
41,1,0
41,2,0
41,3,0
41,4,0
41,5,0
41,6,0
41,7,0
41,8,0
41,9,0
41,10,0
41,11,0
41,12,0
41,13,0
41,14,0
41,15,1
41,16,1
41,17,1
41,18,1
41,19,1
41,20,1
41,21,1
41,22,1
41,23,1
41,24,1
41,25,1
41,26,1
41,27,1
41,28,1
41,29,1
41,30,1
41,31,1
41,32,1
41,33,1
41,34,1
41,35,1
41,36,0
41,37,0
41,38,0
41,39,0
41,40,0
41,41,0
41,42,0
41,43,0
41,44,0
41,45,0
41,46,0
41,47,0
41,48,0
41,49,0
41,50,0
41,51,0
41,52,0
41,53,0
41,54,0
41,55,0
41,56,0
41,57,0
41,58,0
41,59,0
41,60,0
41,61,0
41,62,0
41,63,0
41,64,0
41,65,0
41,66,0
41,67,0
41,68,0
41,69,0
41,70,0
41,71,0
41,72,0
41,73,0
41,74,0
41,75,0
41,76,0
41,77,0
41,78,1
41,79,1
41,80,1
41,81,1
41,82,1
41,83,1
41,84,1
41,85,1
41,86,1
41,87,1
41,88,1
41,89,1
41,90,1
41,91,0
41,92,0
41,93,0
41,94,0
41,95,0
41,96,0
41,97,0
41,98,0
41,99,0
42,0,0
42,1,0
42,2,0
42,3,0
42,4,0
42,5,0
42,6,0
42,7,0
42,8,0
42,9,0
42,10,0
42,11,0
42,12,0
42,13,0
42,14,0
42,15,1
42,16,1
42,17,1
42,18,1
42,19,1
42,20,1
42,21,1
42,22,1
42,23,1
42,24,1
42,25,1
42,26,1
42,27,1
42,28,1
42,29,1
42,30,1
42,31,1
42,32,1
42,33,1
42,34,1
42,35,1
42,36,1
42,37,0
42,38,0
42,39,0
42,40,0
42,41,0
42,42,0
42,43,0
42,44,0
42,45,0
42,46,0
42,47,0
42,48,0
42,49,0
42,50,0
42,51,0
42,52,0
42,53,0
42,54,0
42,55,0
42,56,0
42,57,0
42,58,0
42,59,0
42,60,0
42,61,0
42,62,0
42,63,0
42,64,0
42,65,0
42,66,0
42,67,0
42,68,0
42,69,0
42,70,0
42,71,0
42,72,0
42,73,0
42,74,0
42,75,0
42,76,0
42,77,1
42,78,1
42,79,1
42,80,1
42,81,1
42,82,1
42,83,1
42,84,1
42,85,1
42,86,1
42,87,1
42,88,1
42,89,1
42,90,1
42,91,1
42,92,0
42,93,0
42,94,0
42,95,0
42,96,0
42,97,0
42,98,0
42,99,0
43,0,0
43,1,0
43,2,0
43,3,0
43,4,0
43,5,0
43,6,0
43,7,0
43,8,0
43,9,0
43,10,0
43,11,0
43,12,0
43,13,0
43,14,0
43,15,0
43,16,1
43,17,1
43,18,1
43,19,1
43,20,1
43,21,1
43,22,1
43,23,1
43,24,1
43,25,1
43,26,1
43,27,1
43,28,1
43,29,1
43,30,1
43,31,1
43,32,1
43,33,1
43,34,1
43,35,1
43,36,1
43,37,0
43,38,0
43,39,0
43,40,0
43,41,0
43,42,0
43,43,0
43,44,0
43,45,0
43,46,0
43,47,0
43,48,0
43,49,0
43,50,0
43,51,0
43,52,0
43,53,0
43,54,0
43,55,0
43,56,0
43,57,0
43,58,0
43,59,0
43,60,0
43,61,0
43,62,0
43,63,0
43,64,0
43,65,0
43,66,0
43,67,0
43,68,0
43,69,0
43,70,0
43,71,0
43,72,0
43,73,0
43,74,0
43,75,0
43,76,0
43,77,1
43,78,1
43,79,1
43,80,1
43,81,1
43,82,1
43,83,1
43,84,1
43,85,1
43,86,1
43,87,1
43,88,1
43,89,1
43,90,1
43,91,1
43,92,1
43,93,0
43,94,0
43,95,0
43,96,0
43,97,0
43,98,0
43,99,0
44,0,0
44,1,0
44,2,0
44,3,0
44,4,0
44,5,0
44,6,0
44,7,0
44,8,0
44,9,0
44,10,0
44,11,0
44,12,0
44,13,0
44,14,0
44,15,0
44,16,1
44,17,1
44,18,1
44,19,1
44,20,1
44,21,1
44,22,1
44,23,1
44,24,1
44,25,1
44,26,1
44,27,1
44,28,1
44,29,1
44,30,1
44,31,1
44,32,1
44,33,1
44,34,1
44,35,1
44,36,1
44,37,1
44,38,0
44,39,0
44,40,0
44,41,0
44,42,0
44,43,0
44,44,0
44,45,0
44,46,0
44,47,0
44,48,0
44,49,0
44,50,0
44,51,0
44,52,0
44,53,0
44,54,0
44,55,0
44,56,0
44,57,0
44,58,0
44,59,0
44,60,0
44,61,0
44,62,0
44,63,0
44,64,0
44,65,0
44,66,0
44,67,0
44,68,0
44,69,0
44,70,0
44,71,0
44,72,0
44,73,0
44,74,0
44,75,0
44,76,1
44,77,1
44,78,1
44,79,1
44,80,1
44,81,1
44,82,1
44,83,1
44,84,1
44,85,1
44,86,1
44,87,1
44,88,1
44,89,1
44,90,1
44,91,1
44,92,1
44,93,1
44,94,0
44,95,0
44,96,0
44,97,0
44,98,0
44,99,0
45,0,0
45,1,0
45,2,0
45,3,0
45,4,0
45,5,0
45,6,0
45,7,0
45,8,0
45,9,0
45,10,0
45,11,0
45,12,0
45,13,0
45,14,0
45,15,0
45,16,0
45,17,1
45,18,1
45,19,1
45,20,1
45,21,1
45,22,1
45,23,1
45,24,1
45,25,1
45,26,1
45,27,1
45,28,1
45,29,1
45,30,1
45,31,1
45,32,1
45,33,1
45,34,1
45,35,1
45,36,1
45,37,1
45,38,0
45,39,0
45,40,0
45,41,0
45,42,0
45,43,0
45,44,0
45,45,0
45,46,0
45,47,0
45,48,0
45,49,0
45,50,0
45,51,0
45,52,0
45,53,0
45,54,0
45,55,0
45,56,0
45,57,0
45,58,0
45,59,0
45,60,0
45,61,0
45,62,0
45,63,0
45,64,0
45,65,0
45,66,0
45,67,0
45,68,0
45,69,0
45,70,0
45,71,0
45,72,0
45,73,0
45,74,0
45,75,1
45,76,1
45,77,1
45,78,1
45,79,1
45,80,1
45,81,1
45,82,1
45,83,1
45,84,1
45,85,1
45,86,1
45,87,1
45,88,1
45,89,1
45,90,1
45,91,1
45,92,1
45,93,1
45,94,0
45,95,0
45,96,0
45,97,0
45,98,0
45,99,0
46,0,0
46,1,0
46,2,0
46,3,0
46,4,0
46,5,0
46,6,0
46,7,0
46,8,0
46,9,0
46,10,0
46,11,0
46,12,0
46,13,0
46,14,0
46,15,0
46,16,0
46,17,1
46,18,1
46,19,1
46,20,1
46,21,1
46,22,1
46,23,1
46,24,1
46,25,1
46,26,1
46,27,1
46,28,1
46,29,1
46,30,1
46,31,1
46,32,1
46,33,1
46,34,1
46,35,1
46,36,1
46,37,1
46,38,1
46,39,0
46,40,0
46,41,0
46,42,0
46,43,0
46,44,0
46,45,0
46,46,0
46,47,0
46,48,0
46,49,0
46,50,0
46,51,0
46,52,0
46,53,0
46,54,0
46,55,0
46,56,0
46,57,0
46,58,0
46,59,0
46,60,0
46,61,0
46,62,0
46,63,0
46,64,0
46,65,0
46,66,0
46,67,0
46,68,0
46,69,0
46,70,0
46,71,0
46,72,0
46,73,0
46,74,0
46,75,1
46,76,1
46,77,1
46,78,1
46,79,1
46,80,1
46,81,1
46,82,1
46,83,1
46,84,1
46,85,1
46,86,1
46,87,1
46,88,1
46,89,1
46,90,1
46,91,1
46,92,1
46,93,1
46,94,0
46,95,0
46,96,0
46,97,0
46,98,0
46,99,0
47,0,0
47,1,0
47,2,0
47,3,0
47,4,0
47,5,0
47,6,0
47,7,0
47,8,0
47,9,0
47,10,0
47,11,0
47,12,0
47,13,0
47,14,0
47,15,0
47,16,0
47,17,0
47,18,1
47,19,1
47,20,1
47,21,1
47,22,1
47,23,1
47,24,1
47,25,1
47,26,1
47,27,1
47,28,1
47,29,1
47,30,1
47,31,1
47,32,1
47,33,1
47,34,1
47,35,1
47,36,1
47,37,1
47,38,1
47,39,1
47,40,0
47,41,0
47,42,0
47,43,0
47,44,0
47,45,0
47,46,0
47,47,0
47,48,0
47,49,0
47,50,0
47,51,0
47,52,0
47,53,0
47,54,0
47,55,0
47,56,0
47,57,0
47,58,0
47,59,0
47,60,0
47,61,0
47,62,0
47,63,0
47,64,0
47,65,0
47,66,0
47,67,0
47,68,0
47,69,0
47,70,0
47,71,0
47,72,0
47,73,0
47,74,1
47,75,1
47,76,1
47,77,1
47,78,1
47,79,1
47,80,1
47,81,1
47,82,1
47,83,1
47,84,1
47,85,1
47,86,1
47,87,1
47,88,1
47,89,1
47,90,1
47,91,1
47,92,1
47,93,1
47,94,0
47,95,0
47,96,0
47,97,0
47,98,0
47,99,0
48,0,0
48,1,0
48,2,0
48,3,0
48,4,0
48,5,0
48,6,0
48,7,0
48,8,0
48,9,0
48,10,0
48,11,0
48,12,0
48,13,0
48,14,0
48,15,0
48,16,0
48,17,0
48,18,1
48,19,1
48,20,1
48,21,1
48,22,1
48,23,1
48,24,1
48,25,1
48,26,1
48,27,1
48,28,1
48,29,1
48,30,1
48,31,1
48,32,1
48,33,1
48,34,1
48,35,1
48,36,1
48,37,1
48,38,1
48,39,1
48,40,1
48,41,1
48,42,0
48,43,0
48,44,0
48,45,0
48,46,0
48,47,0
48,48,0
48,49,0
48,50,0
48,51,0
48,52,0
48,53,0
48,54,0
48,55,0
48,56,0
48,57,0
48,58,0
48,59,0
48,60,0
48,61,0
48,62,0
48,63,0
48,64,0
48,65,0
48,66,0
48,67,0
48,68,0
48,69,0
48,70,0
48,71,0
48,72,0
48,73,1
48,74,1
48,75,1
48,76,1
48,77,1
48,78,1
48,79,1
48,80,1
48,81,1
48,82,1
48,83,1
48,84,1
48,85,1
48,86,1
48,87,1
48,88,1
48,89,1
48,90,1
48,91,1
48,92,1
48,93,1
48,94,0
48,95,0
48,96,0
48,97,0
48,98,0
48,99,0
49,0,0
49,1,0
49,2,0
49,3,0
49,4,0
49,5,0
49,6,0
49,7,0
49,8,0
49,9,0
49,10,0
49,11,0
49,12,0
49,13,0
49,14,0
49,15,0
49,16,0
49,17,0
49,18,0
49,19,1
49,20,1
49,21,1
49,22,1
49,23,1
49,24,1
49,25,1
49,26,1
49,27,1
49,28,1
49,29,1
49,30,1
49,31,1
49,32,1
49,33,1
49,34,1
49,35,1
49,36,1
49,37,1
49,38,1
49,39,1
49,40,1
49,41,1
49,42,1
49,43,2
49,44,0
49,45,0
49,46,0
49,47,0
49,48,0
49,49,0
49,50,0
49,51,0
49,52,0
49,53,0
49,54,0
49,55,0
49,56,0
49,57,0
49,58,0
49,59,0
49,60,0
49,61,0
49,62,0
49,63,0
49,64,0
49,65,0
49,66,0
49,67,0
49,68,0
49,69,0
49,70,0
49,71,0
49,72,0
49,73,1
49,74,1
49,75,1
49,76,1
49,77,1
49,78,1
49,79,1
49,80,1
49,81,1
49,82,1
49,83,1
49,84,1
49,85,1
49,86,1
49,87,1
49,88,1
49,89,1
49,90,1
49,91,1
49,92,1
49,93,1
49,94,0
49,95,0
49,96,0
49,97,0
49,98,0
49,99,0
50,0,0
50,1,0
50,2,0
50,3,0
50,4,0
50,5,0
50,6,0
50,7,0
50,8,0
50,9,0
50,10,0
50,11,0
50,12,0
50,13,0
50,14,0
50,15,0
50,16,0
50,17,0
50,18,0
50,19,1
50,20,1
50,21,1
50,22,1
50,23,1
50,24,1
50,25,1
50,26,1
50,27,1
50,28,1
50,29,1
50,30,1
50,31,1
50,32,1
50,33,1
50,34,1
50,35,1
50,36,1
50,37,1
50,38,1
50,39,1
50,40,1
50,41,1
50,42,1
50,43,2
50,44,0
50,45,0
50,46,0
50,47,0
50,48,0
50,49,0
50,50,0
50,51,0
50,52,0
50,53,0
50,54,0
50,55,0
50,56,0
50,57,0
50,58,0
50,59,0
50,60,0
50,61,0
50,62,0
50,63,0
50,64,0
50,65,0
50,66,0
50,67,0
50,68,0
50,69,0
50,70,0
50,71,0
50,72,1
50,73,1
50,74,1
50,75,1
50,76,1
50,77,1
50,78,1
50,79,1
50,80,1
50,81,1
50,82,1
50,83,1
50,84,1
50,85,1
50,86,1
50,87,1
50,88,1
50,89,1
50,90,1
50,91,1
50,92,1
50,93,1
50,94,0
50,95,0
50,96,0
50,97,0
50,98,0
50,99,0
51,0,0
51,1,0
51,2,0
51,3,0
51,4,0
51,5,0
51,6,0
51,7,0
51,8,0
51,9,0
51,10,0
51,11,0
51,12,0
51,13,0
51,14,0
51,15,0
51,16,0
51,17,0
51,18,0
51,19,0
51,20,1
51,21,1
51,22,1
51,23,1
51,24,1
51,25,1
51,26,1
51,27,1
51,28,1
51,29,1
51,30,1
51,31,1
51,32,1
51,33,1
51,34,1
51,35,1
51,36,1
51,37,1
51,38,1
51,39,1
51,40,1
51,41,1
51,42,1
51,43,2
51,44,0
51,45,0
51,46,0
51,47,0
51,48,0
51,49,0
51,50,0
51,51,0
51,52,0
51,53,0
51,54,0
51,55,0
51,56,0
51,57,0
51,58,0
51,59,0
51,60,0
51,61,0
51,62,0
51,63,0
51,64,0
51,65,0
51,66,0
51,67,0
51,68,0
51,69,0
51,70,0
51,71,1
51,72,1
51,73,1
51,74,1
51,75,1
51,76,1
51,77,1
51,78,1
51,79,1
51,80,1
51,81,1
51,82,1
51,83,1
51,84,1
51,85,1
51,86,1
51,87,1
51,88,1
51,89,1
51,90,1
51,91,1
51,92,1
51,93,1
51,94,0
51,95,0
51,96,0
51,97,0
51,98,0
51,99,0
52,0,0
52,1,0
52,2,0
52,3,0
52,4,0
52,5,0
52,6,0
52,7,0
52,8,0
52,9,0
52,10,0
52,11,0
52,12,0
52,13,0
52,14,0
52,15,0
52,16,0
52,17,0
52,18,0
52,19,0
52,20,1
52,21,1
52,22,1
52,23,1
52,24,1
52,25,1
52,26,1
52,27,1
52,28,1
52,29,1
52,30,1
52,31,1
52,32,1
52,33,1
52,34,1
52,35,1
52,36,1
52,37,1
52,38,1
52,39,1
52,40,1
52,41,1
52,42,1
52,43,2
52,44,2
52,45,0
52,46,0
52,47,0
52,48,0
52,49,0
52,50,0
52,51,0
52,52,0
52,53,0
52,54,0
52,55,0
52,56,0
52,57,0
52,58,0
52,59,0
52,60,0
52,61,0
52,62,0
52,63,0
52,64,0
52,65,0
52,66,0
52,67,0
52,68,0
52,69,0
52,70,0
52,71,1
52,72,1
52,73,1
52,74,1
52,75,1
52,76,1
52,77,1
52,78,1
52,79,1
52,80,1
52,81,1
52,82,1
52,83,1
52,84,1
52,85,1
52,86,1
52,87,1
52,88,1
52,89,1
52,90,1
52,91,1
52,92,1
52,93,1
52,94,0
52,95,0
52,96,0
52,97,0
52,98,0
52,99,0
53,0,0
53,1,0
53,2,0
53,3,0
53,4,0
53,5,0
53,6,0
53,7,0
53,8,0
53,9,0
53,10,0
53,11,0
53,12,0
53,13,0
53,14,0
53,15,0
53,16,0
53,17,0
53,18,0
53,19,0
53,20,0
53,21,1
53,22,1
53,23,1
53,24,1
53,25,1
53,26,1
53,27,1
53,28,1
53,29,1
53,30,1
53,31,1
53,32,1
53,33,1
53,34,1
53,35,1
53,36,1
53,37,1
53,38,1
53,39,1
53,40,1
53,41,1
53,42,1
53,43,1
53,44,2
53,45,0
53,46,0
53,47,0
53,48,0
53,49,0
53,50,0
53,51,0
53,52,0
53,53,0
53,54,0
53,55,0
53,56,0
53,57,0
53,58,0
53,59,0
53,60,0
53,61,0
53,62,0
53,63,0
53,64,0
53,65,0
53,66,0
53,67,0
53,68,0
53,69,0
53,70,1
53,71,1
53,72,1
53,73,1
53,74,1
53,75,1
53,76,1
53,77,1
53,78,1
53,79,1
53,80,1
53,81,1
53,82,1
53,83,1
53,84,1
53,85,1
53,86,1
53,87,1
53,88,1
53,89,1
53,90,1
53,91,1
53,92,1
53,93,0
53,94,0
53,95,0
53,96,0
53,97,0
53,98,0
53,99,0
54,0,0
54,1,0
54,2,0
54,3,0
54,4,0
54,5,0
54,6,0
54,7,0
54,8,0
54,9,0
54,10,0
54,11,0
54,12,0
54,13,0
54,14,0
54,15,0
54,16,0
54,17,0
54,18,0
54,19,0
54,20,0
54,21,1
54,22,1
54,23,1
54,24,1
54,25,1
54,26,1
54,27,1
54,28,1
54,29,1
54,30,1
54,31,1
54,32,1
54,33,1
54,34,1
54,35,1
54,36,1
54,37,1
54,38,1
54,39,1
54,40,1
54,41,1
54,42,1
54,43,1
54,44,2
54,45,2
54,46,0
54,47,0
54,48,0
54,49,0
54,50,0
54,51,0
54,52,0
54,53,0
54,54,0
54,55,0
54,56,0
54,57,0
54,58,0
54,59,0
54,60,0
54,61,0
54,62,0
54,63,0
54,64,0
54,65,0
54,66,0
54,67,0
54,68,0
54,69,1
54,70,1
54,71,1
54,72,1
54,73,1
54,74,1
54,75,1
54,76,1
54,77,1
54,78,1
54,79,1
54,80,1
54,81,1
54,82,1
54,83,1
54,84,1
54,85,1
54,86,1
54,87,1
54,88,1
54,89,1
54,90,1
54,91,1
54,92,1
54,93,0
54,94,0
54,95,0
54,96,0
54,97,0
54,98,0
54,99,0
55,0,0
55,1,0
55,2,0
55,3,0
55,4,0
55,5,0
55,6,0
55,7,0
55,8,0
55,9,0
55,10,0
55,11,0
55,12,0
55,13,0
55,14,0
55,15,0
55,16,0
55,17,0
55,18,0
55,19,0
55,20,0
55,21,0
55,22,1
55,23,1
55,24,1
55,25,1
55,26,1
55,27,1
55,28,1
55,29,1
55,30,1
55,31,1
55,32,1
55,33,1
55,34,1
55,35,1
55,36,1
55,37,1
55,38,1
55,39,1
55,40,1
55,41,1
55,42,1
55,43,1
55,44,1
55,45,1
55,46,2
55,47,2
55,48,0
55,49,0
55,50,0
55,51,0
55,52,0
55,53,2
55,54,0
55,55,0
55,56,0
55,57,0
55,58,0
55,59,0
55,60,0
55,61,0
55,62,0
55,63,0
55,64,0
55,65,0
55,66,0
55,67,0
55,68,1
55,69,1
55,70,1
55,71,1
55,72,1
55,73,1
55,74,1
55,75,1
55,76,1
55,77,1
55,78,1
55,79,1
55,80,1
55,81,1
55,82,1
55,83,1
55,84,1
55,85,1
55,86,1
55,87,1
55,88,1
55,89,1
55,90,1
55,91,1
55,92,0
55,93,0
55,94,0
55,95,0
55,96,0
55,97,0
55,98,0
55,99,0
56,0,0
56,1,0
56,2,0
56,3,0
56,4,0
56,5,0
56,6,0
56,7,0
56,8,0
56,9,0
56,10,0
56,11,0
56,12,0
56,13,0
56,14,0
56,15,0
56,16,0
56,17,0
56,18,0
56,19,0
56,20,0
56,21,0
56,22,1
56,23,1
56,24,1
56,25,1
56,26,1
56,27,1
56,28,1
56,29,1
56,30,1
56,31,1
56,32,1
56,33,1
56,34,1
56,35,1
56,36,1
56,37,1
56,38,1
56,39,1
56,40,1
56,41,1
56,42,1
56,43,1
56,44,1
56,45,1
56,46,1
56,47,2
56,48,2
56,49,2
56,50,1
56,51,2
56,52,1
56,53,1
56,54,0
56,55,0
56,56,0
56,57,0
56,58,0
56,59,0
56,60,0
56,61,0
56,62,0
56,63,0
56,64,0
56,65,0
56,66,0
56,67,0
56,68,1
56,69,1
56,70,1
56,71,1
56,72,1
56,73,1
56,74,1
56,75,1
56,76,1
56,77,1
56,78,1
56,79,1
56,80,1
56,81,1
56,82,1
56,83,1
56,84,1
56,85,1
56,86,1
56,87,1
56,88,1
56,89,1
56,90,1
56,91,0
56,92,0
56,93,0
56,94,0
56,95,0
56,96,0
56,97,0
56,98,0
56,99,0
57,0,0
57,1,0
57,2,0
57,3,0
57,4,0
57,5,0
57,6,0
57,7,0
57,8,0
57,9,0
57,10,0
57,11,0
57,12,0
57,13,0
57,14,0
57,15,0
57,16,0
57,17,0
57,18,0
57,19,0
57,20,0
57,21,0
57,22,0
57,23,1
57,24,1
57,25,1
57,26,1
57,27,1
57,28,1
57,29,1
57,30,1
57,31,1
57,32,1
57,33,1
57,34,1
57,35,1
57,36,1
57,37,1
57,38,1
57,39,1
57,40,1
57,41,1
57,42,1
57,43,1
57,44,1
57,45,1
57,46,1
57,47,1
57,48,1
57,49,1
57,50,1
57,51,1
57,52,1
57,53,1
57,54,1
57,55,0
57,56,0
57,57,0
57,58,0
57,59,0
57,60,0
57,61,0
57,62,0
57,63,0
57,64,0
57,65,0
57,66,0
57,67,1
57,68,1
57,69,1
57,70,1
57,71,1
57,72,1
57,73,1
57,74,1
57,75,1
57,76,1
57,77,1
57,78,1
57,79,1
57,80,1
57,81,1
57,82,1
57,83,1
57,84,1
57,85,1
57,86,1
57,87,1
57,88,1
57,89,1
57,90,1
57,91,0
57,92,0
57,93,0
57,94,0
57,95,0
57,96,0
57,97,0
57,98,0
57,99,0
58,0,0
58,1,0
58,2,0
58,3,0
58,4,0
58,5,0
58,6,0
58,7,0
58,8,0
58,9,0
58,10,0
58,11,0
58,12,0
58,13,0
58,14,0
58,15,0
58,16,0
58,17,0
58,18,0
58,19,0
58,20,0
58,21,0
58,22,0
58,23,0
58,24,1
58,25,1
58,26,1
58,27,1
58,28,1
58,29,1
58,30,1
58,31,1
58,32,1
58,33,1
58,34,1
58,35,1
58,36,1
58,37,1
58,38,1
58,39,1
58,40,1
58,41,1
58,42,1
58,43,1
58,44,1
58,45,1
58,46,1
58,47,1
58,48,1
58,49,1
58,50,1
58,51,1
58,52,1
58,53,1
58,54,1
58,55,1
58,56,1
58,57,0
58,58,0
58,59,0
58,60,0
58,61,0
58,62,0
58,63,0
58,64,0
58,65,0
58,66,1
58,67,1
58,68,1
58,69,1
58,70,1
58,71,1
58,72,1
58,73,1
58,74,1
58,75,1
58,76,1
58,77,1
58,78,1
58,79,1
58,80,1
58,81,1
58,82,1
58,83,1
58,84,1
58,85,1
58,86,1
58,87,1
58,88,1
58,89,1
58,90,0
58,91,0
58,92,0
58,93,0
58,94,0
58,95,0
58,96,0
58,97,0
58,98,0
58,99,0
59,0,0
59,1,0
59,2,0
59,3,0
59,4,0
59,5,0
59,6,0
59,7,0
59,8,0
59,9,0
59,10,0
59,11,0
59,12,0
59,13,0
59,14,0
59,15,0
59,16,0
59,17,0
59,18,0
59,19,0
59,20,0
59,21,0
59,22,0
59,23,0
59,24,1
59,25,1
59,26,1
59,27,1
59,28,1
59,29,1
59,30,1
59,31,1
59,32,1
59,33,1
59,34,1
59,35,1
59,36,1
59,37,1
59,38,1
59,39,1
59,40,1
59,41,1
59,42,1
59,43,1
59,44,1
59,45,1
59,46,1
59,47,1
59,48,1
59,49,1
59,50,1
59,51,1
59,52,1
59,53,1
59,54,1
59,55,1
59,56,1
59,57,1
59,58,0
59,59,0
59,60,0
59,61,0
59,62,0
59,63,0
59,64,0
59,65,1
59,66,1
59,67,1
59,68,1
59,69,1
59,70,1
59,71,1
59,72,1
59,73,1
59,74,1
59,75,1
59,76,1
59,77,1
59,78,1
59,79,1
59,80,1
59,81,1
59,82,1
59,83,1
59,84,1
59,85,1
59,86,1
59,87,1
59,88,1
59,89,0
59,90,0
59,91,0
59,92,0
59,93,0
59,94,0
59,95,0
59,96,0
59,97,0
59,98,0
59,99,0
60,0,0
60,1,0
60,2,0
60,3,0
60,4,0
60,5,0
60,6,0
60,7,0
60,8,0
60,9,0
60,10,0
60,11,0
60,12,0
60,13,0
60,14,0
60,15,0
60,16,0
60,17,0
60,18,0
60,19,0
60,20,0
60,21,0
60,22,0
60,23,0
60,24,0
60,25,1
60,26,1
60,27,1
60,28,1
60,29,1
60,30,1
60,31,1
60,32,1
60,33,1
60,34,1
60,35,1
60,36,1
60,37,1
60,38,1
60,39,1
60,40,1
60,41,1
60,42,1
60,43,1
60,44,1
60,45,1
60,46,1
60,47,1
60,48,1
60,49,1
60,50,1
60,51,1
60,52,1
60,53,1
60,54,1
60,55,1
60,56,1
60,57,1
60,58,1
60,59,0
60,60,0
60,61,0
60,62,0
60,63,0
60,64,1
60,65,1
60,66,1
60,67,1
60,68,1
60,69,1
60,70,1
60,71,1
60,72,1
60,73,1
60,74,1
60,75,1
60,76,1
60,77,1
60,78,1
60,79,1
60,80,1
60,81,1
60,82,1
60,83,1
60,84,1
60,85,1
60,86,1
60,87,1
60,88,1
60,89,0
60,90,0
60,91,0
60,92,0
60,93,0
60,94,0
60,95,0
60,96,0
60,97,0
60,98,0
60,99,0
61,0,0
61,1,0
61,2,0
61,3,0
61,4,0
61,5,0
61,6,0
61,7,0
61,8,0
61,9,0
61,10,0
61,11,0
61,12,0
61,13,0
61,14,0
61,15,0
61,16,0
61,17,0
61,18,0
61,19,0
61,20,0
61,21,0
61,22,0
61,23,0
61,24,0
61,25,0
61,26,1
61,27,1
61,28,1
61,29,1
61,30,1
61,31,1
61,32,1
61,33,1
61,34,1
61,35,1
61,36,1
61,37,1
61,38,1
61,39,1
61,40,1
61,41,1
61,42,1
61,43,1
61,44,1
61,45,1
61,46,1
61,47,1
61,48,1
61,49,1
61,50,1
61,51,1
61,52,1
61,53,1
61,54,1
61,55,1
61,56,1
61,57,1
61,58,1
61,59,1
61,60,0
61,61,0
61,62,0
61,63,1
61,64,1
61,65,1
61,66,1
61,67,1
61,68,1
61,69,1
61,70,1
61,71,1
61,72,1
61,73,1
61,74,1
61,75,1
61,76,1
61,77,1
61,78,1
61,79,1
61,80,1
61,81,1
61,82,1
61,83,1
61,84,1
61,85,1
61,86,1
61,87,1
61,88,0
61,89,0
61,90,0
61,91,0
61,92,0
61,93,0
61,94,0
61,95,0
61,96,0
61,97,0
61,98,0
61,99,0
62,0,0
62,1,0
62,2,0
62,3,0
62,4,0
62,5,0
62,6,0
62,7,0
62,8,0
62,9,0
62,10,0
62,11,0
62,12,0
62,13,0
62,14,0
62,15,0
62,16,0
62,17,0
62,18,0
62,19,0
62,20,0
62,21,0
62,22,0
62,23,0
62,24,0
62,25,0
62,26,0
62,27,0
62,28,1
62,29,1
62,30,1
62,31,1
62,32,1
62,33,1
62,34,1
62,35,1
62,36,1
62,37,1
62,38,1
62,39,1
62,40,1
62,41,1
62,42,1
62,43,1
62,44,1
62,45,1
62,46,1
62,47,1
62,48,1
62,49,1
62,50,1
62,51,1
62,52,1
62,53,1
62,54,1
62,55,1
62,56,1
62,57,1
62,58,1
62,59,1
62,60,1
62,61,0
62,62,1
62,63,1
62,64,1
62,65,1
62,66,1
62,67,1
62,68,1
62,69,1
62,70,1
62,71,1
62,72,1
62,73,1
62,74,1
62,75,1
62,76,1
62,77,1
62,78,1
62,79,1
62,80,1
62,81,1
62,82,1
62,83,1
62,84,1
62,85,1
62,86,1
62,87,0
62,88,0
62,89,0
62,90,0
62,91,0
62,92,0
62,93,0
62,94,0
62,95,0
62,96,0
62,97,0
62,98,0
62,99,0
63,0,0
63,1,0
63,2,0
63,3,0
63,4,0
63,5,0
63,6,0
63,7,0
63,8,0
63,9,0
63,10,0
63,11,0
63,12,0
63,13,0
63,14,0
63,15,0
63,16,0
63,17,0
63,18,0
63,19,0
63,20,0
63,21,0
63,22,0
63,23,0
63,24,0
63,25,0
63,26,0
63,27,0
63,28,0
63,29,1
63,30,1
63,31,1
63,32,1
63,33,1
63,34,1
63,35,1
63,36,1
63,37,1
63,38,2
63,39,2
63,40,2
63,41,2
63,42,2
63,43,2
63,44,2
63,45,2
63,46,2
63,47,2
63,48,2
63,49,1
63,50,1
63,51,1
63,52,1
63,53,1
63,54,1
63,55,1
63,56,1
63,57,1
63,58,1
63,59,1
63,60,1
63,61,1
63,62,1
63,63,1
63,64,1
63,65,1
63,66,1
63,67,1
63,68,1
63,69,1
63,70,1
63,71,1
63,72,1
63,73,1
63,74,1
63,75,1
63,76,1
63,77,1
63,78,1
63,79,1
63,80,1
63,81,1
63,82,1
63,83,1
63,84,1
63,85,1
63,86,1
63,87,0
63,88,0
63,89,0
63,90,0
63,91,0
63,92,0
63,93,0
63,94,0
63,95,0
63,96,0
63,97,0
63,98,0
63,99,0
64,0,0
64,1,0
64,2,0
64,3,0
64,4,0
64,5,0
64,6,0
64,7,0
64,8,0
64,9,0
64,10,0
64,11,0
64,12,0
64,13,0
64,14,0
64,15,0
64,16,0
64,17,0
64,18,0
64,19,0
64,20,0
64,21,0
64,22,0
64,23,0
64,24,0
64,25,0
64,26,0
64,27,0
64,28,0
64,29,0
64,30,0
64,31,1
64,32,1
64,33,1
64,34,1
64,35,1
64,36,1
64,37,1
64,38,1
64,39,0
64,40,0
64,41,0
64,42,0
64,43,0
64,44,0
64,45,0
64,46,0
64,47,0
64,48,2
64,49,2
64,50,1
64,51,1
64,52,1
64,53,1
64,54,1
64,55,1
64,56,1
64,57,1
64,58,1
64,59,1
64,60,1
64,61,1
64,62,1
64,63,1
64,64,1
64,65,1
64,66,1
64,67,1
64,68,1
64,69,1
64,70,1
64,71,1
64,72,1
64,73,1
64,74,1
64,75,1
64,76,1
64,77,1
64,78,1
64,79,1
64,80,1
64,81,1
64,82,1
64,83,1
64,84,1
64,85,1
64,86,0
64,87,0
64,88,0
64,89,0
64,90,0
64,91,0
64,92,0
64,93,0
64,94,0
64,95,0
64,96,0
64,97,0
64,98,0
64,99,0
65,0,0
65,1,0
65,2,0
65,3,0
65,4,0
65,5,0
65,6,0
65,7,0
65,8,0
65,9,0
65,10,0
65,11,0
65,12,0
65,13,0
65,14,0
65,15,0
65,16,0
65,17,0
65,18,0
65,19,0
65,20,0
65,21,0
65,22,0
65,23,0
65,24,0
65,25,0
65,26,0
65,27,0
65,28,0
65,29,0
65,30,0
65,31,0
65,32,0
65,33,1
65,34,1
65,35,1
65,36,1
65,37,1
65,38,2
65,39,0
65,40,0
65,41,0
65,42,0
65,43,0
65,44,0
65,45,0
65,46,0
65,47,0
65,48,0
65,49,2
65,50,1
65,51,1
65,52,1
65,53,1
65,54,1
65,55,1
65,56,1
65,57,1
65,58,1
65,59,1
65,60,1
65,61,1
65,62,1
65,63,1
65,64,1
65,65,1
65,66,1
65,67,1
65,68,1
65,69,1
65,70,1
65,71,1
65,72,1
65,73,1
65,74,1
65,75,1
65,76,1
65,77,1
65,78,1
65,79,1
65,80,1
65,81,1
65,82,1
65,83,1
65,84,1
65,85,0
65,86,0
65,87,0
65,88,0
65,89,0
65,90,0
65,91,0
65,92,0
65,93,0
65,94,0
65,95,0
65,96,0
65,97,0
65,98,0
65,99,0
66,0,0
66,1,0
66,2,0
66,3,0
66,4,0
66,5,0
66,6,0
66,7,0
66,8,0
66,9,0
66,10,0
66,11,0
66,12,0
66,13,0
66,14,0
66,15,0
66,16,0
66,17,0
66,18,0
66,19,0
66,20,0
66,21,0
66,22,0
66,23,0
66,24,0
66,25,0
66,26,0
66,27,0
66,28,0
66,29,0
66,30,0
66,31,0
66,32,0
66,33,0
66,34,0
66,35,1
66,36,1
66,37,1
66,38,2
66,39,0
66,40,0
66,41,0
66,42,0
66,43,0
66,44,0
66,45,0
66,46,0
66,47,0
66,48,0
66,49,2
66,50,1
66,51,1
66,52,1
66,53,1
66,54,1
66,55,1
66,56,1
66,57,1
66,58,1
66,59,1
66,60,1
66,61,1
66,62,1
66,63,1
66,64,1
66,65,1
66,66,1
66,67,1
66,68,1
66,69,1
66,70,1
66,71,1
66,72,1
66,73,1
66,74,1
66,75,1
66,76,1
66,77,1
66,78,1
66,79,1
66,80,1
66,81,1
66,82,1
66,83,1
66,84,0
66,85,0
66,86,0
66,87,0
66,88,0
66,89,0
66,90,0
66,91,0
66,92,0
66,93,0
66,94,0
66,95,0
66,96,0
66,97,0
66,98,0
66,99,0
67,0,0
67,1,0
67,2,0
67,3,0
67,4,0
67,5,0
67,6,0
67,7,0
67,8,0
67,9,0
67,10,0
67,11,0
67,12,0
67,13,0
67,14,0
67,15,0
67,16,0
67,17,0
67,18,0
67,19,0
67,20,0
67,21,0
67,22,0
67,23,0
67,24,0
67,25,0
67,26,0
67,27,0
67,28,0
67,29,0
67,30,0
67,31,0
67,32,0
67,33,0
67,34,0
67,35,0
67,36,0
67,37,0
67,38,0
67,39,0
67,40,0
67,41,0
67,42,0
67,43,0
67,44,0
67,45,0
67,46,0
67,47,0
67,48,0
67,49,2
67,50,1
67,51,1
67,52,1
67,53,1
67,54,1
67,55,1
67,56,1
67,57,1
67,58,1
67,59,1
67,60,1
67,61,1
67,62,1
67,63,1
67,64,1
67,65,1
67,66,1
67,67,1
67,68,1
67,69,1
67,70,1
67,71,1
67,72,1
67,73,1
67,74,1
67,75,1
67,76,1
67,77,1
67,78,1
67,79,1
67,80,1
67,81,1
67,82,1
67,83,1
67,84,0
67,85,0
67,86,0
67,87,0
67,88,0
67,89,0
67,90,0
67,91,0
67,92,0
67,93,0
67,94,0
67,95,0
67,96,0
67,97,0
67,98,0
67,99,0
68,0,0
68,1,0
68,2,0
68,3,0
68,4,0
68,5,0
68,6,0
68,7,0
68,8,0
68,9,0
68,10,0
68,11,0
68,12,0
68,13,0
68,14,0
68,15,0
68,16,0
68,17,0
68,18,0
68,19,0
68,20,0
68,21,0
68,22,0
68,23,0
68,24,0
68,25,0
68,26,0
68,27,0
68,28,0
68,29,0
68,30,0
68,31,0
68,32,0
68,33,0
68,34,0
68,35,0
68,36,0
68,37,0
68,38,0
68,39,0
68,40,0
68,41,0
68,42,0
68,43,0
68,44,0
68,45,0
68,46,0
68,47,0
68,48,0
68,49,2
68,50,1
68,51,1
68,52,1
68,53,1
68,54,1
68,55,1
68,56,1
68,57,1
68,58,1
68,59,1
68,60,1
68,61,1
68,62,1
68,63,1
68,64,1
68,65,1
68,66,1
68,67,1
68,68,1
68,69,1
68,70,1
68,71,1
68,72,1
68,73,1
68,74,1
68,75,1
68,76,1
68,77,1
68,78,1
68,79,1
68,80,1
68,81,1
68,82,1
68,83,0
68,84,0
68,85,0
68,86,0
68,87,0
68,88,0
68,89,0
68,90,0
68,91,0
68,92,0
68,93,0
68,94,0
68,95,0
68,96,0
68,97,0
68,98,0
68,99,0
69,0,0
69,1,0
69,2,0
69,3,0
69,4,0
69,5,0
69,6,0
69,7,0
69,8,0
69,9,0
69,10,0
69,11,0
69,12,0
69,13,0
69,14,0
69,15,0
69,16,0
69,17,0
69,18,0
69,19,0
69,20,0
69,21,0
69,22,0
69,23,0
69,24,0
69,25,0
69,26,0
69,27,0
69,28,0
69,29,0
69,30,0
69,31,0
69,32,0
69,33,0
69,34,0
69,35,0
69,36,0
69,37,0
69,38,0
69,39,0
69,40,0
69,41,0
69,42,0
69,43,0
69,44,0
69,45,0
69,46,0
69,47,0
69,48,0
69,49,2
69,50,1
69,51,1
69,52,1
69,53,1
69,54,1
69,55,1
69,56,1
69,57,1
69,58,1
69,59,1
69,60,1
69,61,1
69,62,1
69,63,1
69,64,1
69,65,1
69,66,1
69,67,1
69,68,1
69,69,1
69,70,1
69,71,1
69,72,1
69,73,1
69,74,1
69,75,1
69,76,1
69,77,1
69,78,1
69,79,1
69,80,1
69,81,1
69,82,0
69,83,0
69,84,0
69,85,0
69,86,0
69,87,0
69,88,0
69,89,0
69,90,0
69,91,0
69,92,0
69,93,0
69,94,0
69,95,0
69,96,0
69,97,0
69,98,0
69,99,0
70,0,0
70,1,0
70,2,0
70,3,0
70,4,0
70,5,0
70,6,0
70,7,0
70,8,0
70,9,0
70,10,0
70,11,0
70,12,0
70,13,0
70,14,0
70,15,0
70,16,0
70,17,0
70,18,0
70,19,0
70,20,0
70,21,0
70,22,0
70,23,0
70,24,0
70,25,0
70,26,0
70,27,0
70,28,0
70,29,0
70,30,0
70,31,0
70,32,0
70,33,0
70,34,0
70,35,0
70,36,0
70,37,0
70,38,0
70,39,0
70,40,0
70,41,0
70,42,0
70,43,0
70,44,0
70,45,0
70,46,0
70,47,0
70,48,0
70,49,2
70,50,1
70,51,1
70,52,1
70,53,1
70,54,1
70,55,1
70,56,1
70,57,1
70,58,1
70,59,1
70,60,1
70,61,1
70,62,1
70,63,1
70,64,1
70,65,1
70,66,1
70,67,1
70,68,1
70,69,1
70,70,1
70,71,1
70,72,1
70,73,1
70,74,1
70,75,1
70,76,1
70,77,1
70,78,1
70,79,1
70,80,1
70,81,0
70,82,0
70,83,0
70,84,0
70,85,0
70,86,0
70,87,0
70,88,0
70,89,0
70,90,0
70,91,0
70,92,0
70,93,0
70,94,0
70,95,0
70,96,0
70,97,0
70,98,0
70,99,0
71,0,0
71,1,0
71,2,0
71,3,0
71,4,0
71,5,0
71,6,0
71,7,0
71,8,0
71,9,0
71,10,0
71,11,0
71,12,0
71,13,0
71,14,0
71,15,0
71,16,0
71,17,0
71,18,0
71,19,0
71,20,0
71,21,0
71,22,0
71,23,0
71,24,0
71,25,0
71,26,0
71,27,0
71,28,0
71,29,0
71,30,0
71,31,0
71,32,0
71,33,0
71,34,0
71,35,0
71,36,0
71,37,0
71,38,0
71,39,0
71,40,0
71,41,0
71,42,0
71,43,0
71,44,0
71,45,0
71,46,0
71,47,0
71,48,0
71,49,2
71,50,1
71,51,1
71,52,1
71,53,1
71,54,1
71,55,1
71,56,1
71,57,1
71,58,1
71,59,1
71,60,1
71,61,1
71,62,1
71,63,1
71,64,1
71,65,1
71,66,1
71,67,1
71,68,1
71,69,1
71,70,1
71,71,1
71,72,1
71,73,1
71,74,1
71,75,1
71,76,1
71,77,1
71,78,1
71,79,1
71,80,0
71,81,0
71,82,0
71,83,0
71,84,0
71,85,0
71,86,0
71,87,0
71,88,0
71,89,0
71,90,0
71,91,0
71,92,0
71,93,0
71,94,0
71,95,0
71,96,0
71,97,0
71,98,0
71,99,0
72,0,0
72,1,0
72,2,0
72,3,0
72,4,0
72,5,0
72,6,0
72,7,0
72,8,0
72,9,0
72,10,0
72,11,0
72,12,0
72,13,0
72,14,0
72,15,0
72,16,0
72,17,0
72,18,0
72,19,0
72,20,0
72,21,0
72,22,0
72,23,0
72,24,0
72,25,0
72,26,0
72,27,0
72,28,0
72,29,0
72,30,0
72,31,0
72,32,0
72,33,0
72,34,0
72,35,0
72,36,0
72,37,0
72,38,0
72,39,0
72,40,0
72,41,0
72,42,0
72,43,0
72,44,0
72,45,0
72,46,0
72,47,0
72,48,0
72,49,2
72,50,1
72,51,1
72,52,1
72,53,1
72,54,1
72,55,1
72,56,1
72,57,1
72,58,1
72,59,1
72,60,1
72,61,1
72,62,1
72,63,1
72,64,1
72,65,1
72,66,1
72,67,1
72,68,1
72,69,1
72,70,1
72,71,1
72,72,1
72,73,1
72,74,1
72,75,1
72,76,1
72,77,1
72,78,1
72,79,0
72,80,0
72,81,0
72,82,0
72,83,0
72,84,0
72,85,0
72,86,0
72,87,0
72,88,0
72,89,0
72,90,0
72,91,0
72,92,0
72,93,0
72,94,0
72,95,0
72,96,0
72,97,0
72,98,0
72,99,0
73,0,0
73,1,0
73,2,0
73,3,0
73,4,0
73,5,0
73,6,0
73,7,0
73,8,0
73,9,0
73,10,0
73,11,0
73,12,0
73,13,0
73,14,0
73,15,0
73,16,0
73,17,0
73,18,0
73,19,0
73,20,0
73,21,0
73,22,0
73,23,0
73,24,0
73,25,0
73,26,0
73,27,0
73,28,0
73,29,0
73,30,0
73,31,0
73,32,0
73,33,0
73,34,0
73,35,0
73,36,0
73,37,0
73,38,0
73,39,0
73,40,0
73,41,0
73,42,0
73,43,0
73,44,0
73,45,0
73,46,0
73,47,0
73,48,0
73,49,2
73,50,1
73,51,1
73,52,1
73,53,1
73,54,1
73,55,1
73,56,1
73,57,1
73,58,1
73,59,1
73,60,1
73,61,1
73,62,1
73,63,1
73,64,1
73,65,1
73,66,1
73,67,1
73,68,1
73,69,1
73,70,1
73,71,1
73,72,1
73,73,1
73,74,1
73,75,1
73,76,1
73,77,1
73,78,0
73,79,0
73,80,0
73,81,0
73,82,0
73,83,0
73,84,0
73,85,0
73,86,0
73,87,0
73,88,0
73,89,0
73,90,0
73,91,0
73,92,0
73,93,0
73,94,0
73,95,0
73,96,0
73,97,0
73,98,0
73,99,0
74,0,0
74,1,0
74,2,0
74,3,0
74,4,0
74,5,0
74,6,0
74,7,0
74,8,0
74,9,0
74,10,0
74,11,0
74,12,0
74,13,0
74,14,0
74,15,0
74,16,0
74,17,0
74,18,0
74,19,0
74,20,0
74,21,0
74,22,0
74,23,0
74,24,0
74,25,0
74,26,0
74,27,0
74,28,0
74,29,0
74,30,0
74,31,0
74,32,0
74,33,0
74,34,0
74,35,0
74,36,0
74,37,0
74,38,0
74,39,0
74,40,0
74,41,0
74,42,0
74,43,0
74,44,0
74,45,0
74,46,0
74,47,0
74,48,0
74,49,2
74,50,1
74,51,1
74,52,1
74,53,1
74,54,1
74,55,1
74,56,1
74,57,1
74,58,1
74,59,1
74,60,1
74,61,1
74,62,1
74,63,1
74,64,1
74,65,1
74,66,1
74,67,1
74,68,1
74,69,1
74,70,1
74,71,1
74,72,1
74,73,1
74,74,1
74,75,1
74,76,1
74,77,1
74,78,0
74,79,0
74,80,0
74,81,0
74,82,0
74,83,0
74,84,0
74,85,0
74,86,0
74,87,0
74,88,0
74,89,0
74,90,0
74,91,0
74,92,0
74,93,0
74,94,0
74,95,0
74,96,0
74,97,0
74,98,0
74,99,0
75,0,0
75,1,0
75,2,0
75,3,0
75,4,0
75,5,0
75,6,0
75,7,0
75,8,0
75,9,0
75,10,0
75,11,0
75,12,0
75,13,0
75,14,0
75,15,0
75,16,0
75,17,0
75,18,0
75,19,0
75,20,0
75,21,0
75,22,0
75,23,0
75,24,0
75,25,0
75,26,0
75,27,0
75,28,0
75,29,0
75,30,0
75,31,0
75,32,0
75,33,0
75,34,0
75,35,0
75,36,0
75,37,0
75,38,0
75,39,0
75,40,0
75,41,0
75,42,0
75,43,0
75,44,0
75,45,0
75,46,0
75,47,0
75,48,0
75,49,2
75,50,1
75,51,1
75,52,1
75,53,1
75,54,1
75,55,1
75,56,1
75,57,1
75,58,1
75,59,1
75,60,1
75,61,1
75,62,1
75,63,1
75,64,1
75,65,1
75,66,1
75,67,1
75,68,1
75,69,1
75,70,1
75,71,1
75,72,1
75,73,1
75,74,1
75,75,1
75,76,1
75,77,0
75,78,0
75,79,0
75,80,0
75,81,0
75,82,0
75,83,0
75,84,0
75,85,0
75,86,0
75,87,0
75,88,0
75,89,0
75,90,0
75,91,0
75,92,0
75,93,0
75,94,0
75,95,0
75,96,0
75,97,0
75,98,0
75,99,0
76,0,0
76,1,0
76,2,0
76,3,0
76,4,0
76,5,0
76,6,0
76,7,0
76,8,0
76,9,0
76,10,0
76,11,0
76,12,0
76,13,0
76,14,0
76,15,0
76,16,0
76,17,0
76,18,0
76,19,0
76,20,0
76,21,0
76,22,0
76,23,0
76,24,0
76,25,0
76,26,0
76,27,0
76,28,0
76,29,0
76,30,0
76,31,0
76,32,0
76,33,0
76,34,0
76,35,0
76,36,0
76,37,0
76,38,0
76,39,0
76,40,0
76,41,0
76,42,0
76,43,0
76,44,0
76,45,0
76,46,0
76,47,0
76,48,0
76,49,2
76,50,1
76,51,1
76,52,1
76,53,1
76,54,1
76,55,1
76,56,1
76,57,1
76,58,1
76,59,1
76,60,1
76,61,1
76,62,1
76,63,1
76,64,1
76,65,1
76,66,1
76,67,1
76,68,1
76,69,1
76,70,1
76,71,1
76,72,1
76,73,1
76,74,1
76,75,1
76,76,0
76,77,0
76,78,0
76,79,0
76,80,0
76,81,0
76,82,0
76,83,0
76,84,0
76,85,0
76,86,0
76,87,0
76,88,0
76,89,0
76,90,0
76,91,0
76,92,0
76,93,0
76,94,0
76,95,0
76,96,0
76,97,0
76,98,0
76,99,0
77,0,0
77,1,0
77,2,0
77,3,0
77,4,0
77,5,0
77,6,0
77,7,0
77,8,0
77,9,0
77,10,0
77,11,0
77,12,0
77,13,0
77,14,0
77,15,0
77,16,0
77,17,0
77,18,0
77,19,0
77,20,0
77,21,0
77,22,0
77,23,0
77,24,0
77,25,0
77,26,0
77,27,0
77,28,0
77,29,0
77,30,0
77,31,0
77,32,0
77,33,0
77,34,0
77,35,0
77,36,0
77,37,0
77,38,0
77,39,0
77,40,0
77,41,0
77,42,0
77,43,0
77,44,0
77,45,0
77,46,0
77,47,0
77,48,0
77,49,2
77,50,1
77,51,1
77,52,1
77,53,1
77,54,1
77,55,1
77,56,1
77,57,1
77,58,1
77,59,1
77,60,1
77,61,1
77,62,1
77,63,1
77,64,1
77,65,1
77,66,1
77,67,1
77,68,1
77,69,1
77,70,1
77,71,1
77,72,1
77,73,1
77,74,1
77,75,0
77,76,0
77,77,0
77,78,0
77,79,0
77,80,0
77,81,0
77,82,0
77,83,0
77,84,0
77,85,0
77,86,0
77,87,0
77,88,0
77,89,0
77,90,0
77,91,0
77,92,0
77,93,0
77,94,0
77,95,0
77,96,0
77,97,0
77,98,0
77,99,0
78,0,0
78,1,0
78,2,0
78,3,0
78,4,0
78,5,0
78,6,0
78,7,0
78,8,0
78,9,0
78,10,0
78,11,0
78,12,0
78,13,0
78,14,0
78,15,0
78,16,0
78,17,0
78,18,0
78,19,0
78,20,0
78,21,0
78,22,0
78,23,0
78,24,0
78,25,0
78,26,0
78,27,0
78,28,0
78,29,0
78,30,0
78,31,0
78,32,0
78,33,0
78,34,0
78,35,0
78,36,0
78,37,0
78,38,0
78,39,0
78,40,0
78,41,0
78,42,0
78,43,0
78,44,0
78,45,0
78,46,0
78,47,0
78,48,0
78,49,2
78,50,1
78,51,1
78,52,1
78,53,1
78,54,1
78,55,1
78,56,1
78,57,1
78,58,1
78,59,1
78,60,1
78,61,1
78,62,1
78,63,1
78,64,1
78,65,1
78,66,1
78,67,1
78,68,1
78,69,1
78,70,1
78,71,1
78,72,1
78,73,0
78,74,0
78,75,0
78,76,0
78,77,0
78,78,0
78,79,0
78,80,0
78,81,0
78,82,0
78,83,0
78,84,0
78,85,0
78,86,0
78,87,0
78,88,0
78,89,0
78,90,0
78,91,0
78,92,0
78,93,0
78,94,0
78,95,0
78,96,0
78,97,0
78,98,0
78,99,0
79,0,0
79,1,0
79,2,0
79,3,0
79,4,0
79,5,0
79,6,0
79,7,0
79,8,0
79,9,0
79,10,0
79,11,0
79,12,0
79,13,0
79,14,0
79,15,0
79,16,0
79,17,0
79,18,0
79,19,0
79,20,0
79,21,0
79,22,0
79,23,0
79,24,0
79,25,0
79,26,0
79,27,0
79,28,0
79,29,0
79,30,0
79,31,0
79,32,0
79,33,0
79,34,0
79,35,0
79,36,0
79,37,0
79,38,0
79,39,0
79,40,0
79,41,0
79,42,0
79,43,0
79,44,0
79,45,0
79,46,0
79,47,0
79,48,0
79,49,0
79,50,0
79,51,1
79,52,1
79,53,1
79,54,1
79,55,1
79,56,1
79,57,1
79,58,1
79,59,1
79,60,1
79,61,1
79,62,1
79,63,1
79,64,1
79,65,1
79,66,1
79,67,1
79,68,1
79,69,1
79,70,1
79,71,1
79,72,0
79,73,0
79,74,0
79,75,0
79,76,0
79,77,0
79,78,0
79,79,0
79,80,0
79,81,0
79,82,0
79,83,0
79,84,0
79,85,0
79,86,0
79,87,0
79,88,0
79,89,0
79,90,0
79,91,0
79,92,0
79,93,0
79,94,0
79,95,0
79,96,0
79,97,0
79,98,0
79,99,0
80,0,0
80,1,0
80,2,0
80,3,0
80,4,0
80,5,0
80,6,0
80,7,0
80,8,0
80,9,0
80,10,0
80,11,0
80,12,0
80,13,0
80,14,0
80,15,0
80,16,0
80,17,0
80,18,0
80,19,0
80,20,0
80,21,0
80,22,0
80,23,0
80,24,0
80,25,0
80,26,0
80,27,0
80,28,0
80,29,0
80,30,0
80,31,0
80,32,0
80,33,0
80,34,0
80,35,0
80,36,0
80,37,0
80,38,0
80,39,0
80,40,0
80,41,0
80,42,0
80,43,0
80,44,0
80,45,0
80,46,0
80,47,0
80,48,0
80,49,0
80,50,0
80,51,0
80,52,1
80,53,1
80,54,1
80,55,1
80,56,1
80,57,1
80,58,1
80,59,1
80,60,1
80,61,1
80,62,1
80,63,1
80,64,1
80,65,1
80,66,1
80,67,1
80,68,1
80,69,1
80,70,1
80,71,0
80,72,0
80,73,0
80,74,0
80,75,0
80,76,0
80,77,0
80,78,0
80,79,0
80,80,0
80,81,0
80,82,0
80,83,0
80,84,0
80,85,0
80,86,0
80,87,0
80,88,0
80,89,0
80,90,0
80,91,0
80,92,0
80,93,0
80,94,0
80,95,0
80,96,0
80,97,0
80,98,0
80,99,0
81,0,0
81,1,0
81,2,0
81,3,0
81,4,0
81,5,0
81,6,0
81,7,0
81,8,0
81,9,0
81,10,0
81,11,0
81,12,0
81,13,0
81,14,0
81,15,0
81,16,0
81,17,0
81,18,0
81,19,0
81,20,0
81,21,0
81,22,0
81,23,0
81,24,0
81,25,0
81,26,0
81,27,0
81,28,0
81,29,0
81,30,0
81,31,0
81,32,0
81,33,0
81,34,0
81,35,0
81,36,0
81,37,0
81,38,0
81,39,0
81,40,0
81,41,0
81,42,0
81,43,0
81,44,0
81,45,0
81,46,0
81,47,0
81,48,0
81,49,0
81,50,0
81,51,0
81,52,0
81,53,1
81,54,1
81,55,1
81,56,1
81,57,1
81,58,1
81,59,1
81,60,1
81,61,1
81,62,1
81,63,1
81,64,1
81,65,1
81,66,1
81,67,1
81,68,1
81,69,0
81,70,0
81,71,0
81,72,0
81,73,0
81,74,0
81,75,0
81,76,0
81,77,0
81,78,0
81,79,0
81,80,0
81,81,0
81,82,0
81,83,0
81,84,0
81,85,0
81,86,0
81,87,0
81,88,0
81,89,0
81,90,0
81,91,0
81,92,0
81,93,0
81,94,0
81,95,0
81,96,0
81,97,0
81,98,0
81,99,0
82,0,0
82,1,0
82,2,0
82,3,0
82,4,0
82,5,0
82,6,0
82,7,0
82,8,0
82,9,0
82,10,0
82,11,0
82,12,0
82,13,0
82,14,0
82,15,0
82,16,0
82,17,0
82,18,0
82,19,0
82,20,0
82,21,0
82,22,0
82,23,0
82,24,0
82,25,0
82,26,0
82,27,0
82,28,0
82,29,0
82,30,0
82,31,0
82,32,0
82,33,0
82,34,0
82,35,0
82,36,0
82,37,0
82,38,0
82,39,0
82,40,0
82,41,0
82,42,0
82,43,0
82,44,0
82,45,0
82,46,0
82,47,0
82,48,0
82,49,0
82,50,0
82,51,0
82,52,0
82,53,0
82,54,0
82,55,1
82,56,1
82,57,1
82,58,1
82,59,1
82,60,1
82,61,1
82,62,1
82,63,1
82,64,1
82,65,1
82,66,1
82,67,0
82,68,0
82,69,0
82,70,0
82,71,0
82,72,0
82,73,0
82,74,0
82,75,0
82,76,0
82,77,0
82,78,0
82,79,0
82,80,0
82,81,0
82,82,0
82,83,0
82,84,0
82,85,0
82,86,0
82,87,0
82,88,0
82,89,0
82,90,0
82,91,0
82,92,0
82,93,0
82,94,0
82,95,0
82,96,0
82,97,0
82,98,0
82,99,0
83,0,0
83,1,0
83,2,0
83,3,0
83,4,0
83,5,0
83,6,0
83,7,0
83,8,0
83,9,0
83,10,0
83,11,0
83,12,0
83,13,0
83,14,0
83,15,0
83,16,0
83,17,0
83,18,0
83,19,0
83,20,0
83,21,0
83,22,0
83,23,0
83,24,0
83,25,0
83,26,0
83,27,0
83,28,0
83,29,0
83,30,0
83,31,0
83,32,0
83,33,0
83,34,0
83,35,0
83,36,0
83,37,0
83,38,0
83,39,0
83,40,0
83,41,0
83,42,0
83,43,0
83,44,0
83,45,0
83,46,0
83,47,0
83,48,0
83,49,0
83,50,0
83,51,0
83,52,0
83,53,0
83,54,0
83,55,0
83,56,0
83,57,0
83,58,1
83,59,1
83,60,1
83,61,1
83,62,1
83,63,1
83,64,0
83,65,0
83,66,0
83,67,0
83,68,0
83,69,0
83,70,0
83,71,0
83,72,0
83,73,0
83,74,0
83,75,0
83,76,0
83,77,0
83,78,0
83,79,0
83,80,0
83,81,0
83,82,0
83,83,0
83,84,0
83,85,0
83,86,0
83,87,0
83,88,0
83,89,0
83,90,0
83,91,0
83,92,0
83,93,0
83,94,0
83,95,0
83,96,0
83,97,0
83,98,0
83,99,0
84,0,0
84,1,0
84,2,0
84,3,0
84,4,0
84,5,0
84,6,0
84,7,0
84,8,0
84,9,0
84,10,0
84,11,0
84,12,0
84,13,0
84,14,0
84,15,0
84,16,0
84,17,0
84,18,0
84,19,0
84,20,0
84,21,0
84,22,0
84,23,0
84,24,0
84,25,0
84,26,0
84,27,0
84,28,0
84,29,0
84,30,0
84,31,0
84,32,0
84,33,0
84,34,0
84,35,0
84,36,0
84,37,0
84,38,0
84,39,0
84,40,0
84,41,0
84,42,0
84,43,0
84,44,0
84,45,0
84,46,0
84,47,0
84,48,0
84,49,0
84,50,0
84,51,0
84,52,0
84,53,0
84,54,0
84,55,0
84,56,0
84,57,0
84,58,0
84,59,0
84,60,0
84,61,0
84,62,0
84,63,0
84,64,0
84,65,0
84,66,0
84,67,0
84,68,0
84,69,0
84,70,0
84,71,0
84,72,0
84,73,0
84,74,0
84,75,0
84,76,0
84,77,0
84,78,0
84,79,0
84,80,0
84,81,0
84,82,0
84,83,0
84,84,0
84,85,0
84,86,0
84,87,0
84,88,0
84,89,0
84,90,0
84,91,0
84,92,0
84,93,0
84,94,0
84,95,0
84,96,0
84,97,0
84,98,0
84,99,0
85,0,0
85,1,0
85,2,0
85,3,0
85,4,0
85,5,0
85,6,0
85,7,0
85,8,0
85,9,0
85,10,0
85,11,0
85,12,0
85,13,0
85,14,0
85,15,0
85,16,0
85,17,0
85,18,0
85,19,0
85,20,0
85,21,0
85,22,0
85,23,0
85,24,0
85,25,0
85,26,0
85,27,0
85,28,0
85,29,0
85,30,0
85,31,0
85,32,0
85,33,0
85,34,0
85,35,0
85,36,0
85,37,0
85,38,0
85,39,0
85,40,0
85,41,0
85,42,0
85,43,0
85,44,0
85,45,0
85,46,0
85,47,0
85,48,0
85,49,0
85,50,0
85,51,0
85,52,0
85,53,0
85,54,0
85,55,0
85,56,0
85,57,0
85,58,0
85,59,0
85,60,0
85,61,0
85,62,0
85,63,0
85,64,0
85,65,0
85,66,0
85,67,0
85,68,0
85,69,0
85,70,0
85,71,0
85,72,0
85,73,0
85,74,0
85,75,0
85,76,0
85,77,0
85,78,0
85,79,0
85,80,0
85,81,0
85,82,0
85,83,0
85,84,0
85,85,0
85,86,0
85,87,0
85,88,0
85,89,0
85,90,0
85,91,0
85,92,0
85,93,0
85,94,0
85,95,0
85,96,0
85,97,0
85,98,0
85,99,0
86,0,0
86,1,0
86,2,0
86,3,0
86,4,0
86,5,0
86,6,0
86,7,0
86,8,0
86,9,0
86,10,0
86,11,0
86,12,0
86,13,0
86,14,0
86,15,0
86,16,0
86,17,0
86,18,0
86,19,0
86,20,0
86,21,0
86,22,0
86,23,0
86,24,0
86,25,0
86,26,0
86,27,0
86,28,0
86,29,0
86,30,0
86,31,0
86,32,0
86,33,0
86,34,0
86,35,0
86,36,0
86,37,0
86,38,0
86,39,0
86,40,0
86,41,0
86,42,0
86,43,0
86,44,0
86,45,0
86,46,0
86,47,0
86,48,0
86,49,0
86,50,0
86,51,0
86,52,0
86,53,0
86,54,0
86,55,0
86,56,0
86,57,0
86,58,0
86,59,0
86,60,0
86,61,0
86,62,0
86,63,0
86,64,0
86,65,0
86,66,0
86,67,0
86,68,0
86,69,0
86,70,0
86,71,0
86,72,0
86,73,0
86,74,0
86,75,0
86,76,0
86,77,0
86,78,0
86,79,0
86,80,0
86,81,0
86,82,0
86,83,0
86,84,0
86,85,0
86,86,0
86,87,0
86,88,0
86,89,0
86,90,0
86,91,0
86,92,0
86,93,0
86,94,0
86,95,0
86,96,0
86,97,0
86,98,0
86,99,0
87,0,0
87,1,0
87,2,0
87,3,0
87,4,0
87,5,0
87,6,0
87,7,0
87,8,0
87,9,0
87,10,0
87,11,0
87,12,0
87,13,0
87,14,0
87,15,0
87,16,0
87,17,0
87,18,0
87,19,0
87,20,0
87,21,0
87,22,0
87,23,0
87,24,0
87,25,0
87,26,0
87,27,0
87,28,0
87,29,0
87,30,0
87,31,0
87,32,0
87,33,0
87,34,0
87,35,0
87,36,0
87,37,0
87,38,0
87,39,0
87,40,0
87,41,0
87,42,0
87,43,0
87,44,0
87,45,0
87,46,0
87,47,0
87,48,0
87,49,0
87,50,0
87,51,0
87,52,0
87,53,0
87,54,0
87,55,0
87,56,0
87,57,0
87,58,0
87,59,0
87,60,0
87,61,0
87,62,0
87,63,0
87,64,0
87,65,0
87,66,0
87,67,0
87,68,0
87,69,0
87,70,0
87,71,0
87,72,0
87,73,0
87,74,0
87,75,0
87,76,0
87,77,0
87,78,0
87,79,0
87,80,0
87,81,0
87,82,0
87,83,0
87,84,0
87,85,0
87,86,0
87,87,0
87,88,0
87,89,0
87,90,0
87,91,0
87,92,0
87,93,0
87,94,0
87,95,0
87,96,0
87,97,0
87,98,0
87,99,0
88,0,0
88,1,0
88,2,0
88,3,0
88,4,0
88,5,0
88,6,0
88,7,0
88,8,0
88,9,0
88,10,0
88,11,0
88,12,0
88,13,0
88,14,0
88,15,0
88,16,0
88,17,0
88,18,0
88,19,0
88,20,0
88,21,0
88,22,0
88,23,0
88,24,0
88,25,0
88,26,0
88,27,0
88,28,0
88,29,0
88,30,0
88,31,0
88,32,0
88,33,0
88,34,0
88,35,0
88,36,0
88,37,0
88,38,0
88,39,0
88,40,0
88,41,0
88,42,0
88,43,0
88,44,0
88,45,0
88,46,0
88,47,0
88,48,0
88,49,0
88,50,0
88,51,0
88,52,0
88,53,0
88,54,0
88,55,0
88,56,0
88,57,0
88,58,0
88,59,0
88,60,0
88,61,0
88,62,0
88,63,0
88,64,0
88,65,0
88,66,0
88,67,0
88,68,0
88,69,0
88,70,0
88,71,0
88,72,0
88,73,0
88,74,0
88,75,0
88,76,0
88,77,0
88,78,0
88,79,0
88,80,0
88,81,0
88,82,0
88,83,0
88,84,0
88,85,0
88,86,0
88,87,0
88,88,0
88,89,0
88,90,0
88,91,0
88,92,0
88,93,0
88,94,0
88,95,0
88,96,0
88,97,0
88,98,0
88,99,0
89,0,0
89,1,0
89,2,0
89,3,0
89,4,0
89,5,0
89,6,0
89,7,0
89,8,0
89,9,0
89,10,0
89,11,0
89,12,0
89,13,0
89,14,0
89,15,0
89,16,0
89,17,0
89,18,0
89,19,0
89,20,0
89,21,0
89,22,0
89,23,0
89,24,0
89,25,0
89,26,0
89,27,0
89,28,0
89,29,0
89,30,0
89,31,0
89,32,0
89,33,0
89,34,0
89,35,0
89,36,0
89,37,0
89,38,0
89,39,0
89,40,0
89,41,0
89,42,0
89,43,0
89,44,0
89,45,0
89,46,0
89,47,0
89,48,0
89,49,0
89,50,0
89,51,0
89,52,0
89,53,0
89,54,0
89,55,0
89,56,0
89,57,0
89,58,0
89,59,0
89,60,0
89,61,0
89,62,0
89,63,0
89,64,0
89,65,0
89,66,0
89,67,0
89,68,0
89,69,0
89,70,0
89,71,0
89,72,0
89,73,0
89,74,0
89,75,0
89,76,0
89,77,0
89,78,0
89,79,0
89,80,0
89,81,0
89,82,0
89,83,0
89,84,0
89,85,0
89,86,0
89,87,0
89,88,0
89,89,0
89,90,0
89,91,0
89,92,0
89,93,0
89,94,0
89,95,0
89,96,0
89,97,0
89,98,0
89,99,0
90,0,0
90,1,0
90,2,0
90,3,0
90,4,0
90,5,0
90,6,0
90,7,0
90,8,0
90,9,0
90,10,0
90,11,0
90,12,0
90,13,0
90,14,0
90,15,0
90,16,0
90,17,0
90,18,0
90,19,0
90,20,0
90,21,0
90,22,0
90,23,0
90,24,0
90,25,0
90,26,0
90,27,0
90,28,0
90,29,0
90,30,0
90,31,0
90,32,0
90,33,0
90,34,0
90,35,0
90,36,0
90,37,0
90,38,0
90,39,0
90,40,0
90,41,0
90,42,0
90,43,0
90,44,0
90,45,0
90,46,0
90,47,0
90,48,0
90,49,0
90,50,0
90,51,0
90,52,0
90,53,0
90,54,0
90,55,0
90,56,0
90,57,0
90,58,0
90,59,0
90,60,0
90,61,0
90,62,0
90,63,0
90,64,0
90,65,0
90,66,0
90,67,0
90,68,0
90,69,0
90,70,0
90,71,0
90,72,0
90,73,0
90,74,0
90,75,0
90,76,0
90,77,0
90,78,0
90,79,0
90,80,0
90,81,0
90,82,0
90,83,0
90,84,0
90,85,0
90,86,0
90,87,0
90,88,0
90,89,0
90,90,0
90,91,0
90,92,0
90,93,0
90,94,0
90,95,0
90,96,0
90,97,0
90,98,0
90,99,0
91,0,0
91,1,0
91,2,0
91,3,0
91,4,0
91,5,0
91,6,0
91,7,0
91,8,0
91,9,0
91,10,0
91,11,0
91,12,0
91,13,0
91,14,0
91,15,0
91,16,0
91,17,0
91,18,0
91,19,0
91,20,0
91,21,0
91,22,0
91,23,0
91,24,0
91,25,0
91,26,0
91,27,0
91,28,0
91,29,0
91,30,0
91,31,0
91,32,0
91,33,0
91,34,0
91,35,0
91,36,0
91,37,0
91,38,0
91,39,0
91,40,0
91,41,0
91,42,0
91,43,0
91,44,0
91,45,0
91,46,0
91,47,0
91,48,0
91,49,0
91,50,0
91,51,0
91,52,0
91,53,0
91,54,0
91,55,0
91,56,0
91,57,0
91,58,0
91,59,0
91,60,0
91,61,0
91,62,0
91,63,0
91,64,0
91,65,0
91,66,0
91,67,0
91,68,0
91,69,0
91,70,0
91,71,0
91,72,0
91,73,0
91,74,0
91,75,0
91,76,0
91,77,0
91,78,0
91,79,0
91,80,0
91,81,0
91,82,0
91,83,0
91,84,0
91,85,0
91,86,0
91,87,0
91,88,0
91,89,0
91,90,0
91,91,0
91,92,0
91,93,0
91,94,0
91,95,0
91,96,0
91,97,0
91,98,0
91,99,0
92,0,0
92,1,0
92,2,0
92,3,0
92,4,0
92,5,0
92,6,0
92,7,0
92,8,0
92,9,0
92,10,0
92,11,0
92,12,0
92,13,0
92,14,0
92,15,0
92,16,0
92,17,0
92,18,0
92,19,0
92,20,0
92,21,0
92,22,0
92,23,0
92,24,0
92,25,0
92,26,0
92,27,0
92,28,0
92,29,0
92,30,0
92,31,0
92,32,0
92,33,0
92,34,0
92,35,0
92,36,0
92,37,0
92,38,0
92,39,0
92,40,0
92,41,0
92,42,0
92,43,0
92,44,0
92,45,0
92,46,0
92,47,0
92,48,0
92,49,0
92,50,0
92,51,0
92,52,0
92,53,0
92,54,0
92,55,0
92,56,0
92,57,0
92,58,0
92,59,0
92,60,0
92,61,0
92,62,0
92,63,0
92,64,0
92,65,0
92,66,0
92,67,0
92,68,0
92,69,0
92,70,0
92,71,0
92,72,0
92,73,0
92,74,0
92,75,0
92,76,0
92,77,0
92,78,0
92,79,0
92,80,0
92,81,0
92,82,0
92,83,0
92,84,0
92,85,0
92,86,0
92,87,0
92,88,0
92,89,0
92,90,0
92,91,0
92,92,0
92,93,0
92,94,0
92,95,0
92,96,0
92,97,0
92,98,0
92,99,0
93,0,0
93,1,0
93,2,0
93,3,0
93,4,0
93,5,0
93,6,0
93,7,0
93,8,0
93,9,0
93,10,0
93,11,0
93,12,0
93,13,0
93,14,0
93,15,0
93,16,0
93,17,0
93,18,0
93,19,0
93,20,0
93,21,0
93,22,0
93,23,0
93,24,0
93,25,0
93,26,0
93,27,0
93,28,0
93,29,0
93,30,0
93,31,0
93,32,0
93,33,0
93,34,0
93,35,0
93,36,0
93,37,0
93,38,0
93,39,0
93,40,0
93,41,0
93,42,0
93,43,0
93,44,0
93,45,0
93,46,0
93,47,0
93,48,0
93,49,0
93,50,0
93,51,0
93,52,0
93,53,0
93,54,0
93,55,0
93,56,0
93,57,0
93,58,0
93,59,0
93,60,0
93,61,0
93,62,0
93,63,0
93,64,0
93,65,0
93,66,0
93,67,0
93,68,0
93,69,0
93,70,0
93,71,0
93,72,0
93,73,0
93,74,0
93,75,0
93,76,0
93,77,0
93,78,0
93,79,0
93,80,0
93,81,0
93,82,0
93,83,0
93,84,0
93,85,0
93,86,0
93,87,0
93,88,0
93,89,0
93,90,0
93,91,0
93,92,0
93,93,0
93,94,0
93,95,0
93,96,0
93,97,0
93,98,0
93,99,0
94,0,0
94,1,0
94,2,0
94,3,0
94,4,0
94,5,0
94,6,0
94,7,0
94,8,0
94,9,0
94,10,0
94,11,0
94,12,0
94,13,0
94,14,0
94,15,0
94,16,0
94,17,0
94,18,0
94,19,0
94,20,0
94,21,0
94,22,0
94,23,0
94,24,0
94,25,0
94,26,0
94,27,0
94,28,0
94,29,0
94,30,0
94,31,0
94,32,0
94,33,0
94,34,0
94,35,0
94,36,0
94,37,0
94,38,0
94,39,0
94,40,0
94,41,0
94,42,0
94,43,0
94,44,0
94,45,0
94,46,0
94,47,0
94,48,0
94,49,0
94,50,0
94,51,0
94,52,0
94,53,0
94,54,0
94,55,0
94,56,0
94,57,0
94,58,0
94,59,0
94,60,0
94,61,0
94,62,0
94,63,0
94,64,0
94,65,0
94,66,0
94,67,0
94,68,0
94,69,0
94,70,0
94,71,0
94,72,0
94,73,0
94,74,0
94,75,0
94,76,0
94,77,0
94,78,0
94,79,0
94,80,0
94,81,0
94,82,0
94,83,0
94,84,0
94,85,0
94,86,0
94,87,0
94,88,0
94,89,0
94,90,0
94,91,0
94,92,0
94,93,0
94,94,0
94,95,0
94,96,0
94,97,0
94,98,0
94,99,0
95,0,0
95,1,0
95,2,0
95,3,0
95,4,0
95,5,0
95,6,0
95,7,0
95,8,0
95,9,0
95,10,0
95,11,0
95,12,0
95,13,0
95,14,0
95,15,0
95,16,0
95,17,0
95,18,0
95,19,0
95,20,0
95,21,0
95,22,0
95,23,0
95,24,0
95,25,0
95,26,0
95,27,0
95,28,0
95,29,0
95,30,0
95,31,0
95,32,0
95,33,0
95,34,0
95,35,0
95,36,0
95,37,0
95,38,0
95,39,0
95,40,0
95,41,0
95,42,0
95,43,0
95,44,0
95,45,0
95,46,0
95,47,0
95,48,0
95,49,0
95,50,0
95,51,0
95,52,0
95,53,0
95,54,0
95,55,0
95,56,0
95,57,0
95,58,0
95,59,0
95,60,0
95,61,0
95,62,0
95,63,0
95,64,0
95,65,0
95,66,0
95,67,0
95,68,0
95,69,0
95,70,0
95,71,0
95,72,0
95,73,0
95,74,0
95,75,0
95,76,0
95,77,0
95,78,0
95,79,0
95,80,0
95,81,0
95,82,0
95,83,0
95,84,0
95,85,0
95,86,0
95,87,0
95,88,0
95,89,0
95,90,0
95,91,0
95,92,0
95,93,0
95,94,0
95,95,0
95,96,0
95,97,0
95,98,0
95,99,0
96,0,0
96,1,0
96,2,0
96,3,0
96,4,0
96,5,0
96,6,0
96,7,0
96,8,0
96,9,0
96,10,0
96,11,0
96,12,0
96,13,0
96,14,0
96,15,0
96,16,0
96,17,0
96,18,0
96,19,0
96,20,0
96,21,0
96,22,0
96,23,0
96,24,0
96,25,0
96,26,0
96,27,0
96,28,0
96,29,0
96,30,0
96,31,0
96,32,0
96,33,0
96,34,0
96,35,0
96,36,0
96,37,0
96,38,0
96,39,0
96,40,0
96,41,0
96,42,0
96,43,0
96,44,0
96,45,0
96,46,0
96,47,0
96,48,0
96,49,0
96,50,0
96,51,0
96,52,0
96,53,0
96,54,0
96,55,0
96,56,0
96,57,0
96,58,0
96,59,0
96,60,0
96,61,0
96,62,0
96,63,0
96,64,0
96,65,0
96,66,0
96,67,0
96,68,0
96,69,0
96,70,0
96,71,0
96,72,0
96,73,0
96,74,0
96,75,0
96,76,0
96,77,0
96,78,0
96,79,0
96,80,0
96,81,0
96,82,0
96,83,0
96,84,0
96,85,0
96,86,0
96,87,0
96,88,0
96,89,0
96,90,0
96,91,0
96,92,0
96,93,0
96,94,0
96,95,0
96,96,0
96,97,0
96,98,0
96,99,0
97,0,0
97,1,0
97,2,0
97,3,0
97,4,0
97,5,0
97,6,0
97,7,0
97,8,0
97,9,0
97,10,0
97,11,0
97,12,0
97,13,0
97,14,0
97,15,0
97,16,0
97,17,0
97,18,0
97,19,0
97,20,0
97,21,0
97,22,0
97,23,0
97,24,0
97,25,0
97,26,0
97,27,0
97,28,0
97,29,0
97,30,0
97,31,0
97,32,0
97,33,0
97,34,0
97,35,0
97,36,0
97,37,0
97,38,0
97,39,0
97,40,0
97,41,0
97,42,0
97,43,0
97,44,0
97,45,0
97,46,0
97,47,0
97,48,0
97,49,0
97,50,0
97,51,0
97,52,0
97,53,0
97,54,0
97,55,0
97,56,0
97,57,0
97,58,0
97,59,0
97,60,0
97,61,0
97,62,0
97,63,0
97,64,0
97,65,0
97,66,0
97,67,0
97,68,0
97,69,0
97,70,0
97,71,0
97,72,0
97,73,0
97,74,0
97,75,0
97,76,0
97,77,0
97,78,0
97,79,0
97,80,0
97,81,0
97,82,0
97,83,0
97,84,0
97,85,0
97,86,0
97,87,0
97,88,0
97,89,0
97,90,0
97,91,0
97,92,0
97,93,0
97,94,0
97,95,0
97,96,0
97,97,0
97,98,0
97,99,0
98,0,0
98,1,0
98,2,0
98,3,0
98,4,0
98,5,0
98,6,0
98,7,0
98,8,0
98,9,0
98,10,0
98,11,0
98,12,0
98,13,0
98,14,0
98,15,0
98,16,0
98,17,0
98,18,0
98,19,0
98,20,0
98,21,0
98,22,0
98,23,0
98,24,0
98,25,0
98,26,0
98,27,0
98,28,0
98,29,0
98,30,0
98,31,0
98,32,0
98,33,0
98,34,0
98,35,0
98,36,0
98,37,0
98,38,0
98,39,0
98,40,0
98,41,0
98,42,0
98,43,0
98,44,0
98,45,0
98,46,0
98,47,0
98,48,0
98,49,0
98,50,0
98,51,0
98,52,0
98,53,0
98,54,0
98,55,0
98,56,0
98,57,0
98,58,0
98,59,0
98,60,0
98,61,0
98,62,0
98,63,0
98,64,0
98,65,0
98,66,0
98,67,0
98,68,0
98,69,0
98,70,0
98,71,0
98,72,0
98,73,0
98,74,0
98,75,0
98,76,0
98,77,0
98,78,0
98,79,0
98,80,0
98,81,0
98,82,0
98,83,0
98,84,0
98,85,0
98,86,0
98,87,0
98,88,0
98,89,0
98,90,0
98,91,0
98,92,0
98,93,0
98,94,0
98,95,0
98,96,0
98,97,0
98,98,0
98,99,0
99,0,0
99,1,0
99,2,0
99,3,0
99,4,0
99,5,0
99,6,0
99,7,0
99,8,0
99,9,0
99,10,0
99,11,0
99,12,0
99,13,0
99,14,0
99,15,0
99,16,0
99,17,0
99,18,0
99,19,0
99,20,0
99,21,0
99,22,0
99,23,0
99,24,0
99,25,0
99,26,0
99,27,0
99,28,0
99,29,0
99,30,0
99,31,0
99,32,0
99,33,0
99,34,0
99,35,0
99,36,0
99,37,0
99,38,0
99,39,0
99,40,0
99,41,0
99,42,0
99,43,0
99,44,0
99,45,0
99,46,0
99,47,0
99,48,0
99,49,0
99,50,0
99,51,0
99,52,0
99,53,0
99,54,0
99,55,0
99,56,0
99,57,0
99,58,0
99,59,0
99,60,0
99,61,0
99,62,0
99,63,0
99,64,0
99,65,0
99,66,0
99,67,0
99,68,0
99,69,0
99,70,0
99,71,0
99,72,0
99,73,0
99,74,0
99,75,0
99,76,0
99,77,0
99,78,0
99,79,0
99,80,0
99,81,0
99,82,0
99,83,0
99,84,0
99,85,0
99,86,0
99,87,0
99,88,0
99,89,0
99,90,0
99,91,0
99,92,0
99,93,0
99,94,0
99,95,0
99,96,0
99,97,0
99,98,0
99,99,0
