X,Y
10,90
9.60957,85.5542
9.12419,79.7965
8.07605,70.2434
6.98303,60.3614
6.80077,58.5339
5.68081,49.9393
4.69149,40.0019
3.55894,31.3188
2.46519,22.3235
1.86382,13.985
4.02451,7.12118
5,5
5,5
12.7323,7.21603
20.9381,11.535
27.7801,15.7818
34.4255,19.7187
40.8987,23.4709
48.2078,27.8066
56.7001,32.7037
60,35
60,35
59.703,39.6603
60.0275,48.8683
60.3647,50.586
66.4741,56.0306
69.0563,58.2106
72.1788,60.069
78.778,64.6865
80,65
80,65
72.7817,69.6404
64.9162,74.3902
57.9527,78.522
50.4929,83.3797
43.4465,87.7247
40,90
