Time,UAV0_X,UAV0_Y,UAV0_V,UAV0_Heading
0.1,9.85441,89.6345,0,0
0.2,8.12718,89.4807,17.3408,4.62354
0.3,7.10522,88.9371,4.93387,4.3785
0.4,7.10214,88.5288,4.64535,4.20502
0.5,7.44427,87.8756,4.23974,3.94084
0.6,7.83835,87.0963,3.82634,3.65531
0.7,7.81423,86.8969,3.51345,3.61818
0.8,7.85432,86.8153,3.12731,3.59109
0.9,8.09581,85.8893,2.99808,3.32161
1,8.2282,85.5072,2.74248,3.24625
1.1,8.64681,85.0989,2.38955,3.12958
1.2,8.76571,84.9589,2.07126,3.11926
1.3,8.8894,85.0823,1.72789,3.12931
1.4,8.99906,84.8475,1.99691,3.10993
1.5,8.87248,84.5031,2.15126,3.12417
1.6,8.99962,84.4984,1.8108,3.11849
1.7,9.25743,84.4252,1.84271,3.0958
1.8,9.32644,84.4132,1.86561,3.10101
1.9,9.4256,84.3071,1.92137,3.10124
2,9.53076,84.1094,1.97866,3.10104
2.1,9.63691,83.834,2.0258,3.10179
2.2,9.55833,83.7992,1.91608,3.11941
2.3,9.55831,83.5902,2.01129,3.1273
2.4,9.56046,83.3992,1.99428,3.13444
2.5,9.58988,83.1473,2.0245,3.13927
2.6,9.67012,83.0724,1.91731,3.1423
2.7,9.77107,82.9383,1.95378,3.14508
2.8,9.67335,82.7826,1.99395,3.15647
2.9,9.60924,82.503,2.04839,3.16416
3,9.55584,82.0237,2.13894,3.16966
3.1,9.62187,81.5844,2.09671,3.17108
3.2,9.55416,81.1789,2.09662,3.17645
3.3,9.63824,80.9089,2.01641,3.17753
3.4,9.68541,80.7132,1.99162,3.18004
3.5,9.74056,80.5648,1.97225,3.1826
3.6,9.70117,80.3592,2.00658,3.18696
3.7,9.62281,80.1903,1.99406,3.19126
3.8,9.64169,80.0396,1.97855,3.19332
3.9,9.67393,80.1142,1.89328,3.19521
4,9.6654,79.607,2.11735,3.19763
4.1,9.72051,79.222,2.05715,3.19933
4.2,9.75771,79.0681,1.97801,3.20161
4.3,9.75612,78.9183,1.9828,3.20432
4.4,9.7232,78.8424,1.96047,3.20705
4.5,9.70957,78.7191,1.97624,3.20921
4.6,9.69199,78.5221,2.00022,3.21117
4.7,9.69288,78.2715,2.01513,3.21282
4.8,9.6704,78.1323,1.98142,3.21457
4.9,9.64313,77.9383,1.99971,3.2161
5,9.659,77.5527,2.05338,3.21724
5.1,9.63861,77.3239,2.00729,3.21874
5.2,9.61973,77.2267,1.9708,3.22008
5.3,9.61671,77.1247,1.97286,3.22117
5.4,9.60194,76.9058,2.00606,3.22223
5.5,9.55153,76.7119,2.00019,3.2233
5.6,9.55759,76.4893,2.005,3.2239
5.7,9.55257,76.269,2.00475,3.22466
5.8,9.49874,76.0543,2.00567,3.22554
5.9,9.45181,75.8423,2.00451,3.22605
6,9.44965,75.6522,1.99693,3.22621
6.1,9.46959,75.4348,2.00277,3.22646
6.2,9.45559,75.1957,2.00935,3.22704
6.3,9.40366,74.9355,2.01567,3.22766
6.4,9.3811,74.7039,2.00736,3.22795
6.5,9.35614,74.3711,2.03067,3.2282
6.6,9.36022,74.1318,2.00742,3.22844
6.7,9.36246,74.0189,1.97991,3.2289
6.8,9.31663,73.774,2.01155,3.22945
6.9,9.29909,73.6456,1.9845,3.22972
7,9.31013,73.405,2.008,3.22988
7.1,9.28234,73.1147,2.01926,3.23038
7.2,9.28512,72.9335,1.99514,3.23046
7.3,9.27518,72.7293,2.00082,3.23063
7.4,9.26084,72.5964,1.98655,3.23083
7.5,9.24599,72.4453,1.99065,3.231
7.6,9.22988,72.2003,2.00908,3.23115
7.7,9.2128,72.0098,1.99812,3.23132
7.8,9.22243,71.8218,1.997,3.23147
7.9,9.20681,71.6158,2.00126,3.23175
8,9.20668,71.4238,1.99806,3.23202
8.1,9.18089,71.2125,2.00251,3.23237
8.2,9.18663,71.0231,1.99745,3.23264
8.3,9.16135,70.8435,1.99675,3.23303
8.4,9.17628,70.7134,1.98686,3.23332
8.5,9.17601,70.4873,2.00442,3.23375
8.6,9.17763,70.3508,1.98852,3.23425
8.7,9.15879,70.1526,2.00006,3.2348
8.8,9.13841,69.9321,2.00365,3.23529
8.9,9.12526,69.717,2.00245,3.23575
9,9.11868,69.5046,2.00182,3.2362
9.1,9.12199,69.2774,2.00397,3.2367
9.2,9.10583,69.0714,2.00097,3.23732
9.3,9.09639,68.8494,2.0034,3.2379
9.4,9.07334,68.6412,2.00148,3.23851
9.5,9.039,68.3949,2.00775,3.23905
9.6,9.02286,68.1518,2.00661,3.23947
9.7,8.98767,67.9442,2.00159,3.23991
9.8,8.96183,67.7087,2.00565,3.24022
9.9,8.92949,67.5558,1.99329,3.24047
10,8.90588,67.3843,1.99611,3.24059
10.1,8.88428,67.1972,1.99836,3.24064
10.2,8.87701,66.9836,2.00185,3.24067
10.3,8.84925,66.7778,2.00114,3.2408
10.4,8.83605,66.5743,2.00048,3.24087
10.5,8.81724,66.3816,1.99908,3.24098
10.6,8.78889,66.1819,2.00029,3.24109
10.7,8.76447,66.0392,1.99227,3.24112
10.8,8.73781,65.8477,1.99922,3.24107
10.9,8.71655,65.7173,1.9907,3.24096
11,8.6804,65.4993,2.00303,3.24079
11.1,8.6613,65.3124,1.99833,3.24052
11.2,8.64315,65.1994,1.98858,3.24027
11.3,8.60869,65.0956,1.98794,3.23998
11.4,8.57586,64.8673,2.00423,3.23951
11.5,8.56486,64.7553,1.98854,3.23899
11.6,8.53995,64.5781,1.99746,3.23852
11.7,8.50679,64.3335,2.00607,3.23802
11.8,8.49476,64.1352,1.99969,3.23747
11.9,8.48298,63.8963,2.00484,3.23703
12,8.46847,63.6677,2.00351,3.23673
12.1,8.45097,63.4904,1.99725,3.23653
12.2,8.42485,63.3009,1.99899,3.23634
12.3,8.38984,63.0163,2.01062,3.23576
12.4,8.35698,62.8154,2.00034,3.23518
12.5,8.35548,62.6475,1.99598,3.23457
12.6,8.32575,62.4342,2.00192,3.2341
12.7,8.30627,62.257,1.99743,3.23361
12.8,8.29665,62.0676,1.99875,3.23315
12.9,8.26767,61.8678,2.00026,3.23278
13,8.25913,61.6577,2.00108,3.23237
13.1,8.24857,61.4441,2.0015,3.23207
13.2,8.22019,61.2423,2.00046,3.23184
13.3,8.20161,61.054,1.99878,3.23158
13.4,8.17517,60.8675,1.99874,3.23133
13.5,8.16586,60.6635,2.0004,3.23103
13.6,8.15292,60.4678,1.99954,3.23083
13.7,8.13616,60.2413,2.00295,3.23067
13.8,8.1402,60.0953,1.9939,3.23054
13.9,8.1187,59.8754,2.00234,3.23055
14,8.10648,59.6537,2.00227,3.23054
14.1,8.09232,59.4439,2.00104,3.23058
14.2,8.07407,59.2652,1.99786,3.23065
14.3,8.06638,59.1008,1.99625,3.2307
14.4,8.04826,58.9585,1.99417,3.23079
14.5,8.05681,58.7587,1.99974,3.23084
14.6,8.03057,58.5239,2.00375,3.23108
14.7,8.00776,58.3055,2.00197,3.23126
14.8,7.99854,58.1482,1.99565,3.2314
14.9,7.98691,57.9593,1.99894,3.23156
15,7.95701,57.752,2.00098,3.23176
15.1,7.93985,57.5359,2.00164,3.23185
15.2,7.92246,57.3395,1.99971,3.23195
15.3,7.90722,57.1635,1.99771,3.23204
15.4,7.8928,56.9468,2.00166,3.23214
15.5,7.88017,56.7419,2.00046,3.23227
15.6,7.86801,56.5322,2.00092,3.23244
15.7,7.84319,56.359,1.99761,3.23266
15.8,7.82501,56.1448,2.00144,3.23277
15.9,7.81813,55.9463,1.99978,3.2329
16,7.79174,55.6779,2.00653,3.23311
16.1,7.77272,55.5109,1.99699,3.2333
16.2,7.755,55.2971,2.00136,3.23343
16.3,7.75327,55.1137,1.99834,3.2333
16.4,7.72512,54.8879,2.00256,3.23325
16.5,7.71123,54.7316,1.99606,3.23317
16.6,7.68386,54.5119,2.00198,3.2331
16.7,7.67488,54.3339,1.99799,3.233
16.8,7.65746,54.1222,2.00112,3.23295
16.9,7.64018,53.9652,1.99627,3.23291
17,7.62041,53.7262,2.00353,3.23286
17.1,7.60015,53.5011,2.00224,3.23283
17.2,7.57762,53.3214,1.99835,3.2328
17.3,7.54207,53.1008,2.00206,3.23274
17.4,7.52088,52.9041,1.9998,3.2326
17.5,7.50458,52.7259,1.9982,3.23245
17.6,7.48427,52.5476,1.99827,3.23232
17.7,7.45658,52.3393,2.00089,3.23217
17.8,7.43667,52.1051,2.00293,3.23199
17.9,7.4224,51.8796,2.00213,3.23182
18,7.40463,51.6783,2.00015,3.23171
18.1,7.38759,51.49,1.9991,3.23162
18.2,7.36427,51.2689,2.00185,3.23153
18.3,7.34434,51.0857,1.99871,3.23143
18.4,7.32054,50.8323,2.00446,3.23131
18.5,7.29472,50.6368,1.99975,3.2312
18.6,7.28192,50.4209,2.00128,3.23104
18.7,7.26886,50.2578,1.99707,3.23094
18.8,7.24982,50.0817,1.99821,3.23086
18.9,7.23845,49.8899,1.99936,3.23077
19,7.23,49.73,1.99684,3.23072
19.1,7.2096,49.5155,2.00124,3.23072
19.2,7.19783,49.3593,1.9966,3.23071
19.3,7.18086,49.1526,2.0006,3.23072
19.4,7.155,48.9445,2.00076,3.23073
19.5,7.12946,48.7172,2.00221,3.2307
19.6,7.1169,48.512,2.00039,3.23062
19.7,7.10322,48.3271,1.99887,3.2306
19.8,7.08817,48.115,2.00095,3.2306
19.9,7.06609,47.8931,2.00173,3.23063
20,7.05166,47.7055,1.99909,3.23064
20.1,7.0285,47.4674,2.00294,3.23067
20.2,7.01812,47.2749,1.99941,3.23068
20.3,6.99848,47.0713,2.00034,3.23074
20.4,6.97604,46.823,2.00362,3.23079
20.5,6.96458,46.6142,2.00061,3.23083
20.6,6.94917,46.423,1.9994,3.23094
20.7,6.93039,46.2167,2.00052,3.23105
20.8,6.91117,46.0211,1.99975,3.23115
20.9,6.9024,45.8396,1.99866,3.23122
21,6.88623,45.6499,1.99932,3.23136
21.1,6.8682,45.4588,1.99943,3.2315
21.2,6.84641,45.2538,2.00045,3.23092
21.3,6.83104,45.0506,2.00026,3.23036
21.4,6.82098,44.8595,1.99936,3.22988
21.5,6.80728,44.6631,1.99978,3.22948
21.6,6.79108,44.4493,2.00099,3.22913
21.7,6.7753,44.2534,1.99975,3.22883
21.8,6.7601,44.0829,1.99802,3.22857
21.9,6.74393,43.9033,1.99867,3.22833
22,6.72919,43.7185,1.99901,3.2281
22.1,6.71193,43.5042,2.00102,3.22791
22.2,6.69116,43.3262,1.99859,3.22774
22.3,6.6603,43.1052,2.00158,3.22755
22.4,6.6461,42.9282,1.99849,3.2273
22.5,6.62501,42.7351,1.99963,3.22707
22.6,6.60739,42.5285,2.00049,3.22684
22.7,6.58667,42.3297,2,3.22662
22.8,6.57498,42.1443,1.99905,3.2264
22.9,6.55381,41.934,2.00076,3.22622
23,6.52435,41.7006,2.0023,3.22604
23.1,6.50915,41.4861,2.00095,3.2258
23.2,6.48916,41.2713,2.00102,3.2256
23.3,6.47015,41.0631,2.00058,3.2254
23.4,6.44939,40.8565,2.0005,3.22521
23.5,6.43102,40.657,2.00002,3.22501
23.6,6.42123,40.4564,2.00002,3.22481
23.7,6.40257,40.254,2.00021,3.22469
23.8,6.38377,40.0663,1.99929,3.22456
23.9,6.37414,39.8765,1.99936,3.22441
24,6.36076,39.7215,1.99723,3.22433
24.1,6.34436,39.5024,2.00124,3.22426
24.2,6.32603,39.3171,1.99915,3.2242
24.3,6.3208,39.1406,1.99853,3.22412
24.4,6.30359,38.9341,2.00045,3.22414
24.5,6.29282,38.71,2.00146,3.22415
24.6,6.27264,38.515,1.99976,3.22424
24.7,6.24266,38.2989,2.00111,3.22428
24.8,6.22688,38.103,1.99978,3.22337
24.9,6.20968,37.9317,1.99833,3.22255
25,6.19588,37.7172,2.0009,3.22179
25.1,6.18059,37.5186,1.99994,3.22111
25.2,6.1694,37.3089,2.00058,3.2205
25.3,6.15701,37.1229,1.99918,3.21997
25.4,6.14155,36.9408,1.99899,3.2195
25.5,6.11828,36.7217,2.00121,3.21907
25.6,6.10183,36.5462,1.99861,3.21864
25.7,6.08489,36.3498,1.99985,3.21823
25.8,6.06472,36.1428,2.00047,3.21784
25.9,6.04494,35.9378,2.00035,3.21747
26,6.02943,35.7335,2.00028,3.2171
26.1,6.01327,35.5209,2.00076,3.21676
26.2,6.00207,35.3222,1.99993,3.21645
26.3,5.99218,35.1374,1.99914,3.21619
26.4,5.98365,34.9525,1.99914,3.21599
26.5,5.96631,34.7512,2.00012,3.21583
26.6,5.95518,34.5447,2.00037,3.21567
26.7,5.94428,34.3435,2.00007,3.21556
26.8,5.92807,34.147,1.99984,3.21548
26.9,5.91099,33.9441,2.00021,3.2154
27,5.89566,33.7623,1.99903,3.21531
27.1,5.88003,33.5612,2.0001,3.21521
27.2,5.87282,33.3632,1.99987,3.21512
27.3,5.86148,33.1621,2.00007,3.21509
27.4,5.84441,32.9598,2.00017,3.21508
27.5,5.83353,32.7562,2.0002,3.21507
27.6,5.81458,32.5527,2.00024,3.21508
27.7,5.80073,32.3212,2.00172,3.21506
27.8,5.78558,32.1181,2.00019,3.21507
27.9,5.77212,31.916,2.00013,3.21508
28,5.74978,31.705,2.00066,3.2151
28.1,5.73115,31.4895,2.00087,3.21506
28.2,5.71879,31.2665,2.00123,3.21499
28.3,5.70283,31.0829,1.99917,3.21497
28.4,5.68554,30.8684,2.00081,3.21493
28.5,5.67738,30.6846,1.99914,3.21488
28.6,5.66445,30.4963,1.99942,3.21488
28.7,5.65672,30.3088,1.99934,3.21489
28.8,5.64059,30.1124,1.99986,3.21496
28.9,5.61901,29.9079,2.0003,3.21501
29,5.60709,29.7113,1.99984,3.21498
29.1,5.59173,29.4979,2.00072,3.21362
29.2,5.57876,29.3053,1.99964,3.21238
29.3,5.56793,29.1113,1.99971,3.21126
29.4,5.55097,28.929,1.99915,3.21025
29.5,5.53955,28.7146,2.00074,3.2093
29.6,5.53239,28.5051,2.00046,3.20845
29.7,5.52259,28.2999,2.00026,3.20773
29.8,5.51518,28.1155,1.99921,3.2071
29.9,5.50204,27.9197,1.99982,3.20655
30,5.49297,27.7013,2.00091,3.20606
30.1,5.4857,27.5039,1.99985,3.20564
30.2,5.47615,27.3033,2.00004,3.2053
30.3,5.4599,27.092,2.00059,3.20502
30.4,5.44557,26.9013,1.99957,3.20474
30.5,5.43614,26.7208,1.99905,3.20446
30.6,5.42161,26.4911,2.00148,3.20422
30.7,5.40952,26.2916,1.99999,3.204
30.8,5.39149,26.0923,2.00002,3.20381
30.9,5.38105,25.8833,2.00044,3.20358
31,5.37498,25.68,2.00014,3.20339
31.1,5.36429,25.4902,1.99952,3.20327
31.2,5.35357,25.287,2.00017,3.20318
31.3,5.34151,25.1035,1.99923,3.20311
31.4,5.32742,24.9082,1.99981,3.20304
31.5,5.31353,24.713,1.9998,3.20259
31.6,5.29975,24.5224,1.99958,3.20216
31.7,5.28512,24.3211,2.00009,3.20176
31.8,5.27367,24.1277,1.9997,3.20138
31.9,5.25673,23.9365,1.99963,3.20102
32,5.24837,23.7343,2.0001,3.20067
32.1,5.23218,23.529,2.00028,3.20036
32.2,5.21959,23.3358,1.99971,3.20006
32.3,5.20412,23.1238,2.00059,3.19977
32.4,5.19392,22.9338,1.99955,3.19948
32.5,5.17886,22.7253,2.00042,3.19923
32.6,5.16538,22.5232,2.00012,3.19897
32.7,5.15244,22.3258,1.9999,3.19872
32.8,5.1416,22.1029,2.00105,3.19848
32.9,5.12759,21.9072,1.99982,3.19828
33,5.11989,21.7247,1.99921,3.19806
33.1,5.11319,21.5361,1.99948,3.19789
33.2,5.10441,21.3581,1.99902,3.19777
33.3,5.09817,21.1596,1.99993,3.19766
33.4,5.08772,20.9657,1.99974,3.19761
33.5,5.0755,20.7585,2.00034,3.19757
33.6,5.0691,20.5591,1.99996,3.19752
33.7,5.0553,20.3396,2.00089,3.19753
33.8,5.04349,20.1142,2.00113,3.19751
33.9,5.0297,19.9177,1.99987,3.19751
34,5.01759,19.7186,1.99998,3.19748
34.1,5.00405,19.516,2.00014,3.19744
34.2,4.9975,19.288,2.00121,3.14744
34.3,4.99849,19.1033,1.99932,3.09744
34.4,5.00835,18.9148,1.99951,3.04744
34.5,5.02793,18.7188,1.99986,2.99744
34.6,5.05995,18.5305,1.99957,2.94744
34.7,5.10383,18.3429,1.99961,2.89744
34.8,5.15315,18.1586,1.99958,2.84744
34.9,5.21137,17.9586,2.00037,2.80082
35,5.28142,17.7875,1.99924,2.75802
35.1,5.35224,17.5908,2.0005,2.71889
35.2,5.43846,17.431,1.99902,2.68288
35.3,5.53091,17.2592,1.99967,2.65
35.4,5.62582,17.0926,1.99959,2.61988
35.5,5.73092,16.9028,2.00068,2.59227
35.6,5.84177,16.749,1.99927,2.56682
35.7,5.95452,16.5769,2.00017,2.54358
35.8,6.06513,16.4118,2,2.5222
35.9,6.17754,16.2501,1.99996,2.5025
36,6.29859,16.1113,1.99909,2.48434
36.1,6.41914,15.931,2.00092,2.4678
36.2,6.54276,15.7644,2.00043,2.45236
36.3,6.67322,15.6012,2.00036,2.43802
36.4,6.80306,15.4439,2.0002,2.42474
36.5,6.93208,15.2912,2.00008,2.41244
36.6,7.0713,15.1424,1.99998,2.40104
36.7,7.20551,14.98,2.00061,2.39055
36.8,7.34136,14.825,2.00036,2.3807
36.9,7.47915,14.6705,2.0004,2.37148
37,7.61578,14.5136,2.00055,2.32148
37.1,7.75971,14.3661,2.00046,2.27148
37.2,7.91288,14.2305,2.00027,2.22148
37.3,8.0733,14.1135,1.99983,2.17148
37.4,8.23855,14.007,1.99973,2.12148
37.5,8.40971,13.9018,2.00002,2.07148
37.6,8.58766,13.8055,2.00001,2.02148
37.7,8.77032,13.6998,2.00076,1.97148
37.8,8.95308,13.6239,1.99991,1.92148
37.9,9.1387,13.5685,1.99946,1.87344
38,9.33002,13.518,1.99963,1.82965
38.1,9.52581,13.4637,2.00013,1.78971
38.2,9.72358,13.4331,1.99949,1.75318
38.3,9.92011,13.3954,2.00006,1.71988
38.4,10.1181,13.3731,1.9997,1.68942
38.5,10.3173,13.3526,1.99987,1.66161
38.6,10.5175,13.3333,2.00005,1.63619
38.7,10.7225,13.3106,2.0004,1.61292
38.8,10.9229,13.3028,1.99998,1.59153
38.9,11.123,13.3038,1.99979,1.57196
39,11.3292,13.288,2.00064,1.55407
39.1,11.5281,13.2977,1.99974,1.53754
39.2,11.7223,13.3089,1.9998,1.52244
39.3,11.9205,13.3225,1.99983,1.50865
39.4,12.1181,13.3267,2.00032,1.49604
39.5,12.3135,13.3363,2.0002,1.4844
39.6,12.5081,13.355,1.99992,1.47368
39.7,12.7112,13.372,2.00012,1.46387
39.8,12.9097,13.3924,2.00004,1.45482
39.9,13.1129,13.4297,1.99946,1.4465
40,13.3123,13.4502,2.00018,1.43898
40.1,13.5124,13.4692,2.0003,1.43202
40.2,13.7092,13.504,1.99971,1.42555
40.3,13.9025,13.5496,1.99931,1.40539
40.4,14.0997,13.5925,1.9996,1.38713
40.5,14.293,13.6442,1.99938,1.37055
40.6,14.4916,13.6792,2.00021,1.35553
40.7,14.6861,13.7236,1.99993,1.34181
40.8,14.881,13.7626,2.00025,1.32931
40.9,15.0752,13.8095,2.00004,1.31789
41,15.2714,13.8455,2.00057,1.30747
41.1,15.4616,13.8886,2.00033,1.29789
41.2,15.6497,13.9469,1.99979,1.2891
41.3,15.8388,13.9985,2.00013,1.28113
41.4,16.0347,14.0444,2.00048,1.27383
41.5,16.2222,14.1027,1.99998,1.26711
41.6,16.4133,14.1676,1.99981,1.26097
41.7,16.6077,14.2323,1.99989,1.2554
41.8,16.7995,14.2912,2.00014,1.25033
41.9,16.9917,14.3534,2.00005,1.24568
42,17.1808,14.4234,1.99976,1.24142
42.1,17.3753,14.4826,2.00026,1.23757
42.2,17.5665,14.5383,2.0004,1.23401
42.3,17.7568,14.6036,2.00005,1.23068
42.4,17.944,14.6713,1.99995,1.22763
42.5,18.1314,14.741,1.99989,1.22486
42.6,18.3161,14.8112,1.99987,1.22233
42.7,18.5045,14.8815,1.99993,1.22006
42.8,18.6944,14.9526,1.99993,1.21798
42.9,18.8837,15.02,2.00009,1.2161
43,19.0731,15.0921,1.99992,1.21435
43.1,19.2611,15.1672,1.9998,1.21277
43.2,19.4489,15.2441,1.99975,1.21136
43.3,19.6316,15.3187,1.99978,1.21012
43.4,19.8196,15.3963,1.99974,1.20902
43.5,20.0064,15.4736,1.99975,1.20807
43.6,20.1948,15.5477,1.9999,1.20725
43.7,20.3809,15.6179,2.00002,1.20652
43.8,20.568,15.694,1.99982,1.20585
43.9,20.7614,15.7598,2.0003,1.20526
44,20.9522,15.832,2.00003,1.20466
44.1,21.1294,15.9144,1.99946,1.2041
44.2,21.3159,15.9959,1.99963,1.20372
44.3,21.5019,16.075,1.99972,1.20345
44.4,21.6908,16.142,2.00021,1.20327
44.5,21.875,16.2115,2.00005,1.20305
44.6,22.0574,16.2874,1.99979,1.19835
44.7,22.248,16.3552,2.00025,1.19409
44.8,22.4323,16.4324,1.99984,1.19017
44.9,22.6116,16.5216,1.99935,1.18661
45,22.7966,16.5936,2.0001,1.18346
45.1,22.9849,16.6635,2.00026,1.18058
45.2,23.1683,16.7359,2.00011,1.1779
45.3,23.3556,16.8082,2.0002,1.17543
45.4,23.5402,16.8902,1.99982,1.17314
45.5,23.7259,16.9635,2.00017,1.17108
45.6,23.9102,17.0447,1.99988,1.16917
45.7,24.0924,17.128,1.99978,1.16744
45.8,24.2803,17.1965,2.00043,1.1659
45.9,24.4597,17.2786,1.9998,1.16441
46,24.6401,17.3567,1.99997,1.16308
46.1,24.8197,17.4361,1.99992,1.16187
46.2,24.9993,17.5241,1.99963,1.16078
46.3,25.1823,17.5983,2.00018,1.15985
46.4,25.363,17.6853,1.9997,1.15896
46.5,25.5464,17.7641,2.00005,1.1582
46.6,25.7293,17.8458,1.99994,1.1575
46.7,25.9145,17.9293,1.99993,1.15687
46.8,26.0966,18.0082,2.00003,1.15631
46.9,26.2787,18.0838,2.00015,1.15579
47,26.4591,18.1723,1.99968,1.15527
47.1,26.6442,18.2497,2.00016,1.15487
47.2,26.8314,18.3265,2.00023,1.15447
47.3,27.0141,18.4014,2.00019,1.15405
47.4,27.2023,18.4746,2.00038,1.15361
47.5,27.3876,18.557,2.00001,1.15312
47.6,27.5687,18.6452,1.99973,1.15267
47.7,27.7545,18.7279,2.00002,1.15075
47.8,27.9391,18.806,2.00016,1.149
47.9,28.1181,18.8901,1.99985,1.14737
48,28.2971,18.9795,1.99969,1.1459
48.1,28.4787,19.0638,1.99992,1.14462
48.2,28.6603,19.1472,1.99996,1.14346
48.3,28.8432,19.2325,1.99995,1.14241
48.4,29.0233,19.3191,1.99984,1.14146
48.5,29.2047,19.4013,2.00002,1.14062
48.6,29.386,19.4866,1.99993,1.13984
48.7,29.5722,19.5679,2.00018,1.13915
48.8,29.7568,19.6474,2.0002,1.13848
48.9,29.9421,19.7273,2.00021,1.13782
49,30.122,19.8174,1.99977,1.13717
49.1,30.2984,19.905,1.99976,1.13664
49.2,30.4761,19.9903,1.99987,1.13619
49.3,30.6552,20.0702,2.00007,1.13581
49.4,30.8306,20.1635,1.99958,1.13543
49.5,31.0109,20.2526,1.99983,1.13518
49.6,31.1888,20.3412,1.99978,1.13499
49.7,31.376,20.4202,2.00032,1.13488
49.8,31.5566,20.5049,1.99998,1.13469
49.9,31.7376,20.5872,2.00006,1.13228
50,31.915,20.6782,1.99972,1.13007
50.1,32.0927,20.7639,1.9999,1.1281
50.2,32.2764,20.8484,2.00012,1.12631
50.3,32.4581,20.9311,2.00012,1.12468
50.4,32.6381,21.0206,1.9999,1.12317
50.5,32.8143,21.1099,1.99981,1.12181
50.6,32.996,21.1949,2.00009,1.12059
50.7,33.1732,21.2816,1.99993,1.11947
50.8,33.3529,21.371,1.99993,1.11846
50.9,33.5298,21.4609,1.99985,1.11754
51,33.7122,21.5475,2.0001,1.11673
51.1,33.8908,21.6363,1.99994,1.11598
51.2,34.0627,21.7281,1.99967,1.1153
51.3,34.243,21.8109,2.00015,1.11473
51.4,34.4202,21.8987,1.99994,1.11417
51.5,34.6041,21.9845,2.00019,1.11367
51.6,34.7862,22.0715,2.00011,1.11319
51.7,34.9712,22.1561,2.00026,1.11274
51.8,35.1507,22.2469,1.99995,1.11229
51.9,35.3329,22.334,2.00012,1.11189
52,35.5151,22.4213,2.00012,1.11151
52.1,35.6992,22.5069,2.00022,1.11114
52.2,35.8758,22.5936,1.99997,1.11078
52.3,36.0528,22.6839,1.99989,1.11044
52.4,36.2356,22.7712,2.00015,1.11015
52.5,36.4092,22.8601,1.99982,1.10987
52.6,36.588,22.9487,2,1.10962
52.7,36.7616,23.039,1.9998,1.1094
52.8,36.9373,23.1247,1.99997,1.10922
52.9,37.1172,23.2108,2.00009,1.10904
53,37.2933,23.3011,1.99988,1.10886
53.1,37.4752,23.3882,2.00014,1.10871
53.2,37.6559,23.4766,2.00007,1.10855
53.3,37.8404,23.5659,2.00018,1.10839
53.4,38.0187,23.6562,1.99995,1.10823
53.5,38.1972,23.7457,1.99998,1.10809
53.6,38.3783,23.8363,2.00004,1.10797
53.7,38.5565,23.9265,1.99995,1.10786
53.8,38.7408,24.0142,2.00021,1.10777
53.9,38.9201,24.101,2.00007,1.10765
54,39.0952,24.1935,1.99981,1.10752
54.1,39.2728,24.2837,1.99994,1.10744
54.2,39.4518,24.3751,1.99996,1.10738
54.3,39.6256,24.4689,1.99974,1.10734
54.4,39.8052,24.5553,2.00008,1.10736
54.5,39.9931,24.6389,2.00041,1.10736
54.6,40.1742,24.7307,2.00003,1.10726
54.7,40.3598,24.8174,2.00028,1.10718
54.8,40.5424,24.9048,2.00016,1.10706
54.9,40.7154,25.0016,1.99967,1.10595
55,40.8933,25.0947,1.99991,1.105
55.1,41.0669,25.1882,1.99976,1.10417
55.2,41.2452,25.2817,1.99993,1.10345
55.3,41.4222,25.3731,1.99992,1.10282
55.4,41.5982,25.4609,1.99996,1.10225
55.5,41.7768,25.5521,1.99999,1.10173
55.6,41.9563,25.6402,2.00008,1.10125
55.7,42.1263,25.7317,1.9997,1.10079
55.8,42.3036,25.8236,1.99994,1.10041
55.9,42.4809,25.915,1.99996,1.10008
56,42.6611,26.0035,2.0001,1.09979
56.1,42.8391,26.0921,2.00003,1.09949
56.2,43.0215,26.185,2.00011,1.09813
56.3,43.1971,26.2748,1.99993,1.0969
56.4,43.3743,26.3662,1.99997,1.09578
56.5,43.5526,26.4543,2.00006,1.09476
56.6,43.7322,26.5469,2.00005,1.09381
56.7,43.9055,26.6385,1.99986,1.09294
56.8,44.0881,26.7275,2.00022,1.09216
56.9,44.2668,26.8198,2.00004,1.09141
57,44.4432,26.9109,1.99998,1.09073
57.1,44.6176,27.0073,1.99984,1.09011
57.2,44.7981,27.1004,2.0001,1.08957
57.3,44.9653,27.1968,1.99959,1.08907
57.4,45.1397,27.2919,1.99987,1.08867
57.5,45.3157,27.3873,1.99992,1.08833
57.6,45.4965,27.4795,2.00014,1.08804
57.7,45.6702,27.5754,1.99984,1.08775
57.8,45.8391,27.6714,1.99967,1.08753
57.9,46.0194,27.7637,2.00012,1.08736
58,46.2015,27.8578,2.00016,1.0872
58.1,46.3833,27.9505,2.00017,1.08704
58.2,46.5676,28.0422,2.00027,1.08688
58.3,46.747,28.1336,2.0001,1.0867
58.4,46.9272,28.2282,2.00009,1.08651
58.5,47.1085,28.3225,2.00014,1.08633
58.6,47.286,28.4143,2.00003,1.08617
58.7,47.4555,28.5117,1.99969,1.086
58.8,47.628,28.6059,1.99983,1.08591
58.9,47.8052,28.6997,2,1.08585
59,47.9765,28.7967,1.99976,1.0858
59.1,48.1532,28.8932,1.99996,1.08581
59.2,48.3331,28.9879,2.00009,1.08584
59.3,48.5135,29.0807,2.00013,1.08587
59.4,48.6948,29.1704,2.00019,1.08587
59.5,48.8725,29.2612,2.00005,1.08583
59.6,49.039,29.3568,1.99961,1.08577
59.7,49.2186,29.4502,2.00009,1.08578
59.8,49.3905,29.5473,1.99978,1.08578
59.9,49.5644,29.6386,1.99991,1.08681
60,49.7384,29.7355,1.99985,1.08775
60.1,49.9275,29.8255,2.00045,1.08865
60.2,50.1018,29.9193,1.99989,1.08941
60.3,50.2796,30.0101,2.00004,1.09012
60.4,50.4509,30.1028,1.99979,1.09076
60.5,50.6281,30.1939,2,1.09138
60.6,50.8061,30.2855,2.00003,1.09194
60.7,50.9903,30.3786,2.00023,1.09244
60.8,51.1707,30.4718,2.00009,1.09288
60.9,51.3427,30.5636,1.9998,1.07083
61,51.5248,30.6568,2.00025,1.05065
61.1,51.6983,30.7585,1.99998,1.0321
61.2,51.8672,30.8609,1.9999,1.01511
61.3,52.033,30.9694,1.99983,0.999536
61.4,52.2038,31.0781,2.00009,0.985289
61.5,52.3691,31.1903,1.99994,0.9722
61.6,52.539,31.3027,2.00017,0.960201
61.7,52.7004,31.418,1.99991,0.949148
61.8,52.8693,31.5333,2.00023,0.939011
61.9,53.0366,31.6498,2.00022,0.929642
62,53.2027,31.7695,2.0002,0.920975
62.1,53.3651,31.8881,2.00013,0.880713
62.2,53.5196,32.0149,2.00001,0.844024
62.3,53.6744,32.143,2.00022,0.810601
62.4,53.8187,32.283,1.99996,0.780112
62.5,53.9589,32.4219,2.00001,0.752339
62.6,54.091,32.566,1.99985,0.727022
62.7,54.2227,32.7196,1.99993,0.703962
62.8,54.3602,32.8678,2.00031,0.682958
62.9,54.4992,33.0251,2.00044,0.663752
63,54.6242,33.1833,2.00006,0.646174
63.1,54.7467,33.3412,2.00008,0.630133
63.2,54.8627,33.5033,1.99993,0.615483
63.3,54.9764,33.6683,1.99993,0.602127
63.4,55.092,33.8322,2.00009,0.589953
63.5,55.195,33.9995,1.9997,0.578824
63.6,55.3014,34.1675,1.99989,0.568715
63.7,55.4019,34.3399,1.99973,0.559504
63.8,55.504,34.5078,1.99987,0.551146
63.9,55.6086,34.6781,1.99999,0.54353
64,55.7168,34.8495,2.00017,0.536573
64.1,55.8245,35.0203,2.0002,0.530186
64.2,55.9266,35.1929,2.00003,0.52431
64.3,56.0221,35.3664,1.99983,0.518931
64.4,56.1168,35.5425,1.99984,0.514044
64.5,56.2148,35.7143,1.99999,0.509611
64.6,56.3138,35.8892,2.00005,0.50555
64.7,56.4097,36.0634,1.99997,0.501825
64.8,56.5025,36.2363,1.99989,0.498419
64.9,56.593,36.4087,1.99982,0.495315
65,56.6878,36.5843,1.99999,0.492497
65.1,56.7787,36.7607,1.99987,0.489916
65.2,56.8712,36.9355,1.99994,0.487579
65.3,56.9658,37.1152,2.00003,0.485443
65.4,57.0639,37.2903,2.00017,0.483488
65.5,57.1564,37.4695,1.99998,0.481652
65.6,57.2435,37.6474,1.99981,0.479978
65.7,57.3302,37.828,1.9998,0.47849
65.8,57.4197,38.0037,1.99991,0.477182
65.9,57.4991,38.1809,1.99957,0.475995
66,57.5929,38.3575,2.00008,0.475006
66.1,57.6805,38.5355,1.99986,0.474074
66.2,57.7715,38.7105,1.99999,0.473251
66.3,57.8695,38.891,2.00024,0.472484
66.4,57.95,39.0669,1.99963,0.474932
66.5,58.0367,39.2448,1.99984,0.477244
66.6,58.1342,39.4256,2.0002,0.479398
66.7,58.215,39.6013,1.9996,0.481344
66.8,58.3088,39.7804,2.00005,0.48321
66.9,58.3986,39.9565,1.99989,0.48492
67,58.4947,40.133,2.0001,0.48651
67.1,58.5903,40.3101,2.00007,0.487945
67.2,58.6879,40.4865,2.00013,0.489248
67.3,58.7875,40.664,2.00019,0.490412
67.4,58.8807,40.8409,1.99997,0.491439
67.5,58.9728,41.0155,1.99992,0.492395
67.6,59.0645,41.1924,1.99991,0.499268
67.7,59.1593,41.3675,1.99996,0.505586
67.8,59.2489,41.5442,1.99976,0.511383
67.9,59.3477,41.7178,2.00003,0.516756
68,59.4392,41.8893,1.99975,0.521673
68.1,59.5437,42.0646,2.00017,0.526225
68.2,59.6481,42.2398,2.00014,0.530376
68.3,59.7497,42.4122,2.00001,0.534167
68.4,59.8487,42.587,1.99991,0.537645
68.5,59.9448,42.7597,1.99979,0.540876
68.6,60.0505,42.9298,2.00009,0.5439
68.7,60.1604,43.1032,2.00023,0.546651
68.8,60.2694,43.2727,2.00016,0.54914
68.9,60.3742,43.4455,2.00002,0.559749
69,60.487,43.6161,2.00023,0.569443
69.1,60.5958,43.7854,2.00004,0.578267
69.2,60.7038,43.9508,1.99994,0.586326
69.3,60.8229,44.117,2.00028,0.593689
69.4,60.936,44.2837,2.00004,0.600369
69.5,61.0497,44.4477,2.00002,0.606474
69.6,61.1686,44.6144,2.00017,0.612046
69.7,61.2856,44.78,2.00008,0.617125
69.8,61.3996,44.9429,1.99994,0.621768
69.9,61.5228,45.1094,2.00025,0.626026
70,61.6367,45.2734,1.9999,0.6299
70.1,61.7542,45.4326,1.99998,0.633476
70.2,61.8686,45.5963,1.99988,0.636741
70.3,61.9892,45.7596,2.00007,0.639769
70.4,62.1074,45.9202,1.99996,0.642545
70.5,62.2207,46.0794,1.99978,0.645098
70.6,62.3383,46.2402,1.99992,0.647477
70.7,62.4582,46.4012,1.99999,0.649681
70.8,62.58,46.5627,2.00004,0.651715
70.9,62.7023,46.7228,2.00004,0.653589
71,62.8248,46.8818,2.00003,0.655308
71.1,62.9433,47.041,1.9999,0.656883
71.2,63.064,47.2004,1.99996,0.658357
71.3,63.1884,47.3615,2.00009,0.659728
71.4,63.3104,47.5189,1.99998,0.660991
71.5,63.4367,47.6797,2.00013,0.662153
71.6,63.5565,47.8363,1.99989,0.669296
71.7,63.683,47.9913,2.00006,0.675817
71.8,63.8077,48.1455,1.99997,0.681745
71.9,63.9395,48.3018,2.00019,0.687144
72,64.0691,48.455,2.00008,0.692048
72.1,64.1989,48.6099,2.00008,0.696502
72.2,64.3248,48.7639,1.99993,0.70056
72.3,64.4489,48.9147,1.99983,0.704276
72.4,64.582,49.0651,2.0001,0.707681
72.5,64.7079,49.2173,1.99987,0.710764
72.6,64.8358,49.3682,1.99992,0.713599
72.7,64.9667,49.5196,2,0.716197
72.8,65.1025,49.6724,2.00015,0.718571
72.9,65.2263,49.82,1.99973,0.720726
73,65.3576,49.9696,1.99998,0.722721
73.1,65.4985,50.1191,2.00026,0.724544
73.2,65.6347,50.2683,2.00011,0.726164
73.3,65.7606,50.4167,1.99978,0.727623
73.4,65.894,50.565,2,0.728988
73.5,66.0314,50.7161,2.00014,0.73023
73.6,66.1616,50.8632,1.99988,0.731353
73.7,66.2984,51.0111,2.00009,0.732388
73.8,66.4374,51.1613,2.00017,0.733313
73.9,66.5746,51.3102,2.0001,0.734138
74,66.7113,51.4606,2.0001,0.734874
74.1,66.84,51.6062,1.99981,0.735544
74.2,66.9718,51.7515,1.9999,0.736175
74.3,67.1037,51.8979,1.99991,0.736751
74.4,67.2357,52.0456,1.99992,0.737284
74.5,67.3654,52.1925,1.99985,0.737785
74.6,67.5026,52.3426,2.0001,0.738269
74.7,67.6405,52.4909,2.0001,0.738707
74.8,67.7767,52.6397,2.00005,0.739091
74.9,67.9066,52.7857,1.99984,0.739439
75,68.0462,52.9365,2.00017,0.73978
75.1,68.1822,53.0842,2.00003,0.740079
75.2,68.3098,53.2288,1.99976,0.740346
75.3,68.4384,53.3744,1.99979,0.740623
75.4,68.5648,53.5154,1.99968,0.742475
75.5,68.7024,53.665,2.00009,0.744183
75.6,68.8344,53.8123,1.9999,0.745745
75.7,68.9726,53.9605,2.00009,0.747197
75.8,69.1038,54.1035,1.99982,0.748518
75.9,69.2404,54.2518,2.00003,0.749736
76,69.3724,54.395,1.99984,0.75086
76.1,69.5054,54.5378,1.99987,0.751897
76.2,69.6428,54.6844,2.00003,0.75285
76.3,69.7784,54.8296,1.99996,0.753722
76.4,69.9196,54.9794,2.00016,0.754525
76.5,70.0551,55.1241,1.99995,0.75526
76.6,70.1928,55.2698,2.00002,0.755937
76.7,70.3304,55.4141,2,0.756556
76.8,70.4739,55.5625,2.00021,0.757113
76.9,70.621,55.711,2.00031,0.757602
77,70.7532,55.8562,1.99985,0.758004
77.1,70.9018,56.0047,2.00035,0.761303
77.2,71.0405,56.1469,1.99999,0.764281
77.3,71.1835,56.2942,2.00016,0.76699
77.4,71.328,56.4401,2.00018,0.769463
77.5,71.4655,56.5849,1.99996,0.771707
77.6,71.6006,56.7286,1.99988,0.773781
77.7,71.7397,56.8704,1.99997,0.775711
77.8,71.8833,57.0135,2.0001,0.777477
77.9,72.0167,57.1547,1.99979,0.779077
78,72.1515,57.2971,1.99984,0.780581
78.1,72.2868,57.437,1.99983,0.782
78.2,72.423,57.5766,1.99984,0.783323
78.3,72.5627,57.7171,1.99995,0.784554
78.4,72.6989,57.8565,1.99984,0.785687
78.5,72.8418,58.0007,2.00007,0.78675
78.6,72.9869,58.1421,2.0001,0.787737
78.7,73.125,58.2824,1.99989,0.737737
78.8,73.2606,58.4316,2.00004,0.687737
78.9,73.3848,58.5863,1.99993,0.637737
79,73.5045,58.7466,2.00001,0.587737
79.1,73.6084,58.9106,1.99978,0.537737
79.2,73.7131,59.0839,2.00008,0.487737
79.3,73.8055,59.2612,1.99997,0.437737
79.4,73.8896,59.4428,1.99999,0.387737
79.5,73.9686,59.6296,2.00011,0.337737
79.6,74.0359,59.8174,2.00002,0.287737
79.7,74.0933,60.009,2.00001,0.237737
79.8,74.1421,60.2041,2.00005,0.187737
79.9,74.1787,60.3987,1.99996,0.137737
80,74.2187,60.6003,2.00037,0.0877365
80.1,74.2443,60.8026,2.00025,0.0377365
80.2,74.2507,61.0061,2.00001,6.27092
80.3,74.2453,61.2047,1.99991,6.22092
80.4,74.2354,61.4051,2.00008,6.17092
80.5,74.2122,61.6021,1.99996,6.12185
80.6,74.1798,61.7997,1.99999,6.07709
80.7,74.1283,61.9904,1.99966,6.03625
80.8,74.0817,62.1855,2.00007,5.99904
80.9,74.0211,62.3733,1.99983,5.96507
81,73.9499,62.5604,1.99974,5.93408
81.1,73.8875,62.751,2.00019,5.90584
81.2,73.8145,62.9363,2.00001,5.87999
81.3,73.7372,63.1213,2.00005,5.85638
81.4,73.6493,63.3002,1.99983,5.83478
81.5,73.5677,63.4821,2.00015,5.81508
81.6,73.4762,63.6591,1.99995,5.79702
81.7,73.3778,63.8345,1.99985,5.78053
81.8,73.2822,64.0104,2.00003,5.76547
81.9,73.1822,64.1844,1.99998,5.75168
82,73.0848,64.3596,2.00014,5.73907
82.1,72.9836,64.5316,2.00007,5.72748
82.2,72.8785,64.7018,2.00001,5.71685
82.3,72.7776,64.8735,2.0002,5.7071
82.4,72.6681,65.0387,1.99995,5.69812
82.5,72.5541,65.2032,1.99988,5.6899
82.6,72.4414,65.3719,2.00002,5.68239
82.7,72.3297,65.5368,2.00003,5.6755
82.8,72.222,65.7008,2.00016,5.66917
82.9,72.1064,65.866,2.00002,5.66332
83,71.9903,66.0283,2,5.65793
83.1,71.8779,66.1957,2.00019,5.65299
83.2,71.7608,66.3574,2.00002,5.64838
83.3,71.6362,66.5152,1.9998,5.64414
83.4,71.5163,66.6743,1.99996,5.64031
83.5,71.4007,66.8369,2.00015,5.62291
83.6,71.281,66.9929,2.00004,5.60704
83.7,71.1557,67.1474,1.99997,5.59257
83.8,71.0261,67.2979,1.99989,5.57939
83.9,70.8982,67.4529,2.00008,5.56741
84,70.7645,67.6049,1.99996,5.55646
84.1,70.6355,67.7538,2.00008,5.54649
84.2,70.5051,67.9059,2.00016,5.53738
84.3,70.3741,68.0535,2.00012,5.52904
84.4,70.2363,68.198,1.99996,5.52141
84.5,70.0978,68.3433,2,5.51446
84.6,69.9606,68.4874,2.00005,5.50812
84.7,69.8219,68.6284,2,5.50232
84.8,69.6782,68.7686,1.9999,5.49703
84.9,69.5413,68.9116,2.00014,5.49223
85,69.3931,69.0506,1.99983,5.48781
85.1,69.2549,69.1939,2.00016,5.48381
85.2,69.1112,69.3323,1.99997,5.48012
85.3,68.9688,69.4708,2.00003,5.47675
85.4,68.8224,69.6071,1.99992,5.47367
85.5,68.6732,69.7408,1.99982,5.47087
85.6,68.5295,69.8797,2.00006,5.46836
85.7,68.384,70.0152,1.99997,5.46605
85.8,68.2335,70.1482,1.99982,5.46394
85.9,68.0868,70.2853,2,5.46206
86,67.9403,70.4199,1.99997,5.46034
86.1,67.8004,70.561,2.00024,5.45877
86.2,67.6551,70.6985,2.00006,5.45728
86.3,67.5134,70.8351,2.00014,5.45589
86.4,67.369,70.973,2.00011,5.45458
86.5,67.2222,71.109,2.00003,5.45335
86.6,67.0717,71.2434,1.99992,5.45222
86.7,66.9227,71.3775,1.99996,5.45119
86.8,66.7734,71.511,1.99995,5.45027
86.9,66.6251,71.6467,2.00001,5.44944
87,66.4742,71.7779,1.99988,5.44867
87.1,66.327,71.9104,1.99999,5.448
87.2,66.179,72.0472,2.00006,5.4474
87.3,66.0319,72.1816,2.00003,5.44682
87.4,65.8856,72.3169,2.00007,5.44628
87.5,65.7349,72.4534,2,5.44576
87.6,65.5845,72.5867,1.99995,5.44527
87.7,65.4357,72.7176,1.99994,5.44237
87.8,65.2852,72.8496,1.99994,5.43972
87.9,65.1347,72.9832,1.99999,5.43731
88,64.9846,73.1172,2.00002,5.43511
88.1,64.8378,73.2521,2.00012,5.43307
88.2,64.6893,73.3856,2.00007,5.43116
88.3,64.5381,73.5172,1.99998,5.42939
88.4,64.3859,73.6496,1.99999,5.42776
88.5,64.2344,73.7791,1.99995,5.42627
88.6,64.0844,73.9096,2.00002,5.42491
88.7,63.93,74.0377,1.99988,5.4171
88.8,63.7769,74.1662,1.99996,5.41001
88.9,63.6192,74.2897,1.9998,5.40356
89,63.4668,74.4181,2.00005,5.39772
89.1,63.3085,74.543,1.99989,5.39239
89.2,63.1512,74.6666,1.99992,5.38755
89.3,62.9948,74.7923,2.00001,5.38316
89.4,62.8313,74.9111,1.99974,5.37915
89.5,62.675,75.0342,2.00001,5.37554
89.6,62.5135,75.1539,1.99985,5.37226
89.7,62.3535,75.2744,1.99991,5.36929
89.8,62.1927,75.3933,1.99988,5.3666
89.9,62.0363,75.5179,2.00011,5.36418
90,61.877,75.6384,1.99998,5.36194
90.1,61.7195,75.7623,2.0001,5.3599
90.2,61.5617,75.8833,2.00004,5.35802
90.3,61.4012,76.0026,1.99996,5.3563
90.4,61.2388,76.1192,1.99988,5.35473
90.5,61.0792,76.2396,2.00002,5.35333
90.6,60.9179,76.3602,2.00001,5.35204
90.7,60.7562,76.4794,1.99997,5.35087
90.8,60.5945,76.5969,1.99994,5.3498
90.9,60.435,76.7135,1.99997,5.34884
91,60.2757,76.8336,2.00006,5.34797
91.1,60.1147,76.9528,2.00001,5.34716
91.2,59.9547,77.0728,2.00005,5.34641
91.3,59.7947,77.1911,2.00002,5.34572
91.4,59.6346,77.3093,2.00002,5.34508
91.5,59.4754,77.429,2.00007,5.34449
91.6,59.3115,77.5455,1.99992,5.34394
91.7,59.1517,77.6657,2.00008,5.34345
91.8,58.9885,77.7812,1.99991,5.34298
91.9,58.8316,77.9023,2.00016,5.34258
92,58.6697,78.0198,1.99999,5.34217
92.1,58.5122,78.1414,2.00016,5.34179
92.2,58.3514,78.2608,2.00005,5.3414
92.3,58.1902,78.379,2.00002,5.34103
92.4,58.0281,78.4954,1.99996,5.34068
92.5,57.8663,78.6099,1.99993,5.34037
92.6,57.7051,78.7303,2.00008,5.34011
92.7,57.5434,78.847,1.99998,5.33984
92.8,57.38,78.9623,1.99992,5.3396
92.9,57.217,79.0762,1.9999,5.33941
93,57.052,79.1888,1.99983,5.33926
93.1,56.8908,79.3091,2.00009,5.33918
93.2,56.7283,79.4278,2.00003,5.33586
93.3,56.5674,79.5471,2.00009,5.33283
93.4,56.4059,79.6631,2.00001,5.33004
93.5,56.2409,79.774,1.99985,5.32749
93.6,56.0787,79.894,2.00013,5.3252
93.7,55.9135,80.0074,1.99993,5.32307
93.8,55.7503,80.125,2.00008,5.32115
93.9,55.5896,80.2417,2.00011,5.31937
94,55.4257,80.3579,2.00006,5.31772
94.1,55.2624,80.475,2.0001,5.31619
94.2,55.0969,80.5887,1.99999,5.31478
94.3,54.9337,80.7032,2.00005,5.31348
94.4,54.7688,80.8147,1.99996,5.31229
94.5,54.6066,80.9336,2.00019,5.3112
94.6,54.4418,81.0447,1.99996,5.31016
94.7,54.2768,81.1543,1.99993,5.30922
94.8,54.1096,81.2654,1.99994,5.30837
94.9,53.9436,81.3744,1.99991,5.30761
95,53.7772,81.4848,1.99994,5.30694
95.1,53.6134,81.5983,2.00006,5.30634
95.2,53.4464,81.7102,1.99998,5.30577
95.3,53.2812,81.821,1.99998,5.30525
95.4,53.1148,81.9313,1.99996,5.30478
95.5,52.9462,82.0377,1.99983,5.30437
95.6,52.7825,82.1537,2.00014,5.30404
95.7,52.6167,82.2679,2.00007,5.30369
95.8,52.4496,82.3762,1.9999,5.30335
95.9,52.2839,82.4895,2.00005,5.30306
96,52.1179,82.6018,2.00002,5.30279
96.1,51.9518,82.7107,1.99994,5.30253
96.2,51.786,82.8216,1.99999,5.3023
96.3,51.6204,82.9359,2.00009,5.29802
96.4,51.4542,83.045,1.99997,5.29408
96.5,51.2856,83.1546,1.99997,5.29048
96.6,51.1161,83.2623,1.99993,5.28719
96.7,50.9474,83.3709,1.99999,5.2842
96.8,50.7798,83.4846,2.00015,5.28147
96.9,50.6117,83.5937,2.00004,5.27893
97,50.4451,83.7001,2,5.27659
97.1,50.2757,83.8092,2.00005,5.27444
97.2,50.1065,83.9132,1.99993,5.27246
97.3,49.9364,84.0175,1.99994,5.27066
97.4,49.7671,84.1248,2.00004,5.26903
97.5,49.599,84.2295,1.99999,5.26752
97.6,49.4305,84.3369,2.00007,5.26613
97.7,49.2612,84.4434,2.00005,5.26484
97.8,49.0913,84.548,1.99999,5.26363
97.9,48.9201,84.6548,2.00005,5.26253
98,48.7524,84.763,2.00013,5.2615
98.1,48.5815,84.868,2.00001,5.26051
